"GeoID_Description","GeoID_Name","SitsinState","GeoID","GeoID_Formatted","pbach","TimeFrame","GeoVintage","Source","Location"
"Census Tract","06067000100","CA","06067000100","=""06067000100""","34.14","2018-2022","2022","Census","Sacramento (County, 2022)"
"Census Tract","06067000200","CA","06067000200","=""06067000200""","33.60","2018-2022","2022","Census","Sacramento (County, 2022)"
"Census Tract","06067000300","CA","06067000300","=""06067000300""","27.90","2018-2022","2022","Census","Sacramento (County, 2022)"
"Census Tract","06067000400","CA","06067000400","=""06067000400""","40.04","2018-2022","2022","Census","Sacramento (County, 2022)"
"Census Tract","06067000501","CA","06067000501","=""06067000501""","37.99","2018-2022","2022","Census","Sacramento (County, 2022)"
"Census Tract","06067000502","CA","06067000502","=""06067000502""","31.06","2018-2022","2022","Census","Sacramento (County, 2022)"
"Census Tract","06067000600","CA","06067000600","=""06067000600""","22.17","2018-2022","2022","Census","Sacramento (County, 2022)"
"Census Tract","06067000700","CA","06067000700","=""06067000700""","7.83","2018-2022","2022","Census","Sacramento (County, 2022)"
"Census Tract","06067000800","CA","06067000800","=""06067000800""","35.50","2018-2022","2022","Census","Sacramento (County, 2022)"
"Census Tract","06067001102","CA","06067001102","=""06067001102""","36.14","2018-2022","2022","Census","Sacramento (County, 2022)"
"Census Tract","06067001103","CA","06067001103","=""06067001103""","14.66","2018-2022","2022","Census","Sacramento (County, 2022)"
"Census Tract","06067001201","CA","06067001201","=""06067001201""","44.61","2018-2022","2022","Census","Sacramento (County, 2022)"
"Census Tract","06067001202","CA","06067001202","=""06067001202""","40.99","2018-2022","2022","Census","Sacramento (County, 2022)"
"Census Tract","06067001300","CA","06067001300","=""06067001300""","39.91","2018-2022","2022","Census","Sacramento (County, 2022)"
"Census Tract","06067001400","CA","06067001400","=""06067001400""","43.89","2018-2022","2022","Census","Sacramento (County, 2022)"
"Census Tract","06067001500","CA","06067001500","=""06067001500""","37.42","2018-2022","2022","Census","Sacramento (County, 2022)"
"Census Tract","06067001601","CA","06067001601","=""06067001601""","44.14","2018-2022","2022","Census","Sacramento (County, 2022)"
"Census Tract","06067001602","CA","06067001602","=""06067001602""","36.60","2018-2022","2022","Census","Sacramento (County, 2022)"
"Census Tract","06067001701","CA","06067001701","=""06067001701""","29.36","2018-2022","2022","Census","Sacramento (County, 2022)"
"Census Tract","06067001702","CA","06067001702","=""06067001702""","39.33","2018-2022","2022","Census","Sacramento (County, 2022)"
"Census Tract","06067001800","CA","06067001800","=""06067001800""","28.84","2018-2022","2022","Census","Sacramento (County, 2022)"
"Census Tract","06067001900","CA","06067001900","=""06067001900""","29.61","2018-2022","2022","Census","Sacramento (County, 2022)"
"Census Tract","06067002000","CA","06067002000","=""06067002000""","30.64","2018-2022","2022","Census","Sacramento (County, 2022)"
"Census Tract","06067002100","CA","06067002100","=""06067002100""","30.78","2018-2022","2022","Census","Sacramento (County, 2022)"
"Census Tract","06067002200","CA","06067002200","=""06067002200""","30.90","2018-2022","2022","Census","Sacramento (County, 2022)"
"Census Tract","06067002300","CA","06067002300","=""06067002300""","33.51","2018-2022","2022","Census","Sacramento (County, 2022)"
"Census Tract","06067002400","CA","06067002400","=""06067002400""","42.67","2018-2022","2022","Census","Sacramento (County, 2022)"
"Census Tract","06067002500","CA","06067002500","=""06067002500""","34.89","2018-2022","2022","Census","Sacramento (County, 2022)"
"Census Tract","06067002600","CA","06067002600","=""06067002600""","28.95","2018-2022","2022","Census","Sacramento (County, 2022)"
"Census Tract","06067002700","CA","06067002700","=""06067002700""","31.47","2018-2022","2022","Census","Sacramento (County, 2022)"
"Census Tract","06067002800","CA","06067002800","=""06067002800""","20.12","2018-2022","2022","Census","Sacramento (County, 2022)"
"Census Tract","06067002900","CA","06067002900","=""06067002900""","27.05","2018-2022","2022","Census","Sacramento (County, 2022)"
"Census Tract","06067003001","CA","06067003001","=""06067003001""","20.70","2018-2022","2022","Census","Sacramento (County, 2022)"
"Census Tract","06067003002","CA","06067003002","=""06067003002""","22.64","2018-2022","2022","Census","Sacramento (County, 2022)"
"Census Tract","06067003101","CA","06067003101","=""06067003101""","17.15","2018-2022","2022","Census","Sacramento (County, 2022)"
"Census Tract","06067003102","CA","06067003102","=""06067003102""","19.52","2018-2022","2022","Census","Sacramento (County, 2022)"
"Census Tract","06067003202","CA","06067003202","=""06067003202""","9.97","2018-2022","2022","Census","Sacramento (County, 2022)"
"Census Tract","06067003203","CA","06067003203","=""06067003203""","14.61","2018-2022","2022","Census","Sacramento (County, 2022)"
"Census Tract","06067003204","CA","06067003204","=""06067003204""","6.47","2018-2022","2022","Census","Sacramento (County, 2022)"
"Census Tract","06067003300","CA","06067003300","=""06067003300""","34.77","2018-2022","2022","Census","Sacramento (County, 2022)"
"Census Tract","06067003400","CA","06067003400","=""06067003400""","31.34","2018-2022","2022","Census","Sacramento (County, 2022)"
"Census Tract","06067003501","CA","06067003501","=""06067003501""","18.35","2018-2022","2022","Census","Sacramento (County, 2022)"
"Census Tract","06067003502","CA","06067003502","=""06067003502""","19.18","2018-2022","2022","Census","Sacramento (County, 2022)"
"Census Tract","06067003600","CA","06067003600","=""06067003600""","19.54","2018-2022","2022","Census","Sacramento (County, 2022)"
"Census Tract","06067003700","CA","06067003700","=""06067003700""","7.53","2018-2022","2022","Census","Sacramento (County, 2022)"
"Census Tract","06067003800","CA","06067003800","=""06067003800""","22.22","2018-2022","2022","Census","Sacramento (County, 2022)"
"Census Tract","06067003900","CA","06067003900","=""06067003900""","23.42","2018-2022","2022","Census","Sacramento (County, 2022)"
"Census Tract","06067004005","CA","06067004005","=""06067004005""","26.38","2018-2022","2022","Census","Sacramento (County, 2022)"
"Census Tract","06067004006","CA","06067004006","=""06067004006""","36.27","2018-2022","2022","Census","Sacramento (County, 2022)"
"Census Tract","06067004008","CA","06067004008","=""06067004008""","36.45","2018-2022","2022","Census","Sacramento (County, 2022)"
"Census Tract","06067004011","CA","06067004011","=""06067004011""","33.24","2018-2022","2022","Census","Sacramento (County, 2022)"
"Census Tract","06067004012","CA","06067004012","=""06067004012""","34.83","2018-2022","2022","Census","Sacramento (County, 2022)"
"Census Tract","06067004013","CA","06067004013","=""06067004013""","19.08","2018-2022","2022","Census","Sacramento (County, 2022)"
"Census Tract","06067004014","CA","06067004014","=""06067004014""","18.20","2018-2022","2022","Census","Sacramento (County, 2022)"
"Census Tract","06067004015","CA","06067004015","=""06067004015""","31.01","2018-2022","2022","Census","Sacramento (County, 2022)"
"Census Tract","06067004016","CA","06067004016","=""06067004016""","34.40","2018-2022","2022","Census","Sacramento (County, 2022)"
"Census Tract","06067004017","CA","06067004017","=""06067004017""","21.05","2018-2022","2022","Census","Sacramento (County, 2022)"
"Census Tract","06067004018","CA","06067004018","=""06067004018""","23.31","2018-2022","2022","Census","Sacramento (County, 2022)"
"Census Tract","06067004019","CA","06067004019","=""06067004019""","24.54","2018-2022","2022","Census","Sacramento (County, 2022)"
"Census Tract","06067004020","CA","06067004020","=""06067004020""","23.76","2018-2022","2022","Census","Sacramento (County, 2022)"
"Census Tract","06067004100","CA","06067004100","=""06067004100""","11.14","2018-2022","2022","Census","Sacramento (County, 2022)"
"Census Tract","06067004201","CA","06067004201","=""06067004201""","12.15","2018-2022","2022","Census","Sacramento (County, 2022)"
"Census Tract","06067004202","CA","06067004202","=""06067004202""","8.78","2018-2022","2022","Census","Sacramento (County, 2022)"
"Census Tract","06067004203","CA","06067004203","=""06067004203""","7.47","2018-2022","2022","Census","Sacramento (County, 2022)"
"Census Tract","06067004301","CA","06067004301","=""06067004301""","11.16","2018-2022","2022","Census","Sacramento (County, 2022)"
"Census Tract","06067004302","CA","06067004302","=""06067004302""","9.99","2018-2022","2022","Census","Sacramento (County, 2022)"
"Census Tract","06067004401","CA","06067004401","=""06067004401""","9.27","2018-2022","2022","Census","Sacramento (County, 2022)"
"Census Tract","06067004402","CA","06067004402","=""06067004402""","11.56","2018-2022","2022","Census","Sacramento (County, 2022)"
"Census Tract","06067004501","CA","06067004501","=""06067004501""","8.21","2018-2022","2022","Census","Sacramento (County, 2022)"
"Census Tract","06067004502","CA","06067004502","=""06067004502""","5.83","2018-2022","2022","Census","Sacramento (County, 2022)"
"Census Tract","06067004602","CA","06067004602","=""06067004602""","6.62","2018-2022","2022","Census","Sacramento (County, 2022)"
"Census Tract","06067004603","CA","06067004603","=""06067004603""","2.02","2018-2022","2022","Census","Sacramento (County, 2022)"
"Census Tract","06067004604","CA","06067004604","=""06067004604""","12.65","2018-2022","2022","Census","Sacramento (County, 2022)"
"Census Tract","06067004701","CA","06067004701","=""06067004701""","5.67","2018-2022","2022","Census","Sacramento (County, 2022)"
"Census Tract","06067004702","CA","06067004702","=""06067004702""","7.75","2018-2022","2022","Census","Sacramento (County, 2022)"
"Census Tract","06067004801","CA","06067004801","=""06067004801""","11.19","2018-2022","2022","Census","Sacramento (County, 2022)"
"Census Tract","06067004802","CA","06067004802","=""06067004802""","7.04","2018-2022","2022","Census","Sacramento (County, 2022)"
"Census Tract","06067004904","CA","06067004904","=""06067004904""","7.82","2018-2022","2022","Census","Sacramento (County, 2022)"
"Census Tract","06067004906","CA","06067004906","=""06067004906""","10.63","2018-2022","2022","Census","Sacramento (County, 2022)"
"Census Tract","06067004907","CA","06067004907","=""06067004907""","5.55","2018-2022","2022","Census","Sacramento (County, 2022)"
"Census Tract","06067004908","CA","06067004908","=""06067004908""","10.93","2018-2022","2022","Census","Sacramento (County, 2022)"
"Census Tract","06067004909","CA","06067004909","=""06067004909""","11.89","2018-2022","2022","Census","Sacramento (County, 2022)"
"Census Tract","06067004910","CA","06067004910","=""06067004910""","18.97","2018-2022","2022","Census","Sacramento (County, 2022)"
"Census Tract","06067005002","CA","06067005002","=""06067005002""","6.10","2018-2022","2022","Census","Sacramento (County, 2022)"
"Census Tract","06067005003","CA","06067005003","=""06067005003""","13.45","2018-2022","2022","Census","Sacramento (County, 2022)"
"Census Tract","06067005004","CA","06067005004","=""06067005004""","8.26","2018-2022","2022","Census","Sacramento (County, 2022)"
"Census Tract","06067005101","CA","06067005101","=""06067005101""","8.91","2018-2022","2022","Census","Sacramento (County, 2022)"
"Census Tract","06067005102","CA","06067005102","=""06067005102""","13.70","2018-2022","2022","Census","Sacramento (County, 2022)"
"Census Tract","06067005201","CA","06067005201","=""06067005201""","41.22","2018-2022","2022","Census","Sacramento (County, 2022)"
"Census Tract","06067005202","CA","06067005202","=""06067005202""","35.02","2018-2022","2022","Census","Sacramento (County, 2022)"
"Census Tract","06067005204","CA","06067005204","=""06067005204""","37.72","2018-2022","2022","Census","Sacramento (County, 2022)"
"Census Tract","06067005205","CA","06067005205","=""06067005205""","18.42","2018-2022","2022","Census","Sacramento (County, 2022)"
"Census Tract","06067005301","CA","06067005301","=""06067005301""","12.00","2018-2022","2022","Census","Sacramento (County, 2022)"
"Census Tract","06067005402","CA","06067005402","=""06067005402""","27.59","2018-2022","2022","Census","Sacramento (County, 2022)"
"Census Tract","06067005403","CA","06067005403","=""06067005403""","35.09","2018-2022","2022","Census","Sacramento (County, 2022)"
"Census Tract","06067005404","CA","06067005404","=""06067005404""","31.65","2018-2022","2022","Census","Sacramento (County, 2022)"
"Census Tract","06067005502","CA","06067005502","=""06067005502""","10.13","2018-2022","2022","Census","Sacramento (County, 2022)"
"Census Tract","06067005505","CA","06067005505","=""06067005505""","17.77","2018-2022","2022","Census","Sacramento (County, 2022)"
"Census Tract","06067005506","CA","06067005506","=""06067005506""","14.19","2018-2022","2022","Census","Sacramento (County, 2022)"
"Census Tract","06067005508","CA","06067005508","=""06067005508""","26.31","2018-2022","2022","Census","Sacramento (County, 2022)"
"Census Tract","06067005509","CA","06067005509","=""06067005509""","22.54","2018-2022","2022","Census","Sacramento (County, 2022)"
"Census Tract","06067005510","CA","06067005510","=""06067005510""","19.12","2018-2022","2022","Census","Sacramento (County, 2022)"
"Census Tract","06067005601","CA","06067005601","=""06067005601""","20.72","2018-2022","2022","Census","Sacramento (County, 2022)"
"Census Tract","06067005605","CA","06067005605","=""06067005605""","17.10","2018-2022","2022","Census","Sacramento (County, 2022)"
"Census Tract","06067005606","CA","06067005606","=""06067005606""","21.87","2018-2022","2022","Census","Sacramento (County, 2022)"
"Census Tract","06067005701","CA","06067005701","=""06067005701""","23.86","2018-2022","2022","Census","Sacramento (County, 2022)"
"Census Tract","06067005702","CA","06067005702","=""06067005702""","39.34","2018-2022","2022","Census","Sacramento (County, 2022)"
"Census Tract","06067005801","CA","06067005801","=""06067005801""","23.48","2018-2022","2022","Census","Sacramento (County, 2022)"
"Census Tract","06067005803","CA","06067005803","=""06067005803""","38.29","2018-2022","2022","Census","Sacramento (County, 2022)"
"Census Tract","06067005804","CA","06067005804","=""06067005804""","35.44","2018-2022","2022","Census","Sacramento (County, 2022)"
"Census Tract","06067005901","CA","06067005901","=""06067005901""","22.43","2018-2022","2022","Census","Sacramento (County, 2022)"
"Census Tract","06067005903","CA","06067005903","=""06067005903""","10.10","2018-2022","2022","Census","Sacramento (County, 2022)"
"Census Tract","06067005904","CA","06067005904","=""06067005904""","24.92","2018-2022","2022","Census","Sacramento (County, 2022)"
"Census Tract","06067006002","CA","06067006002","=""06067006002""","17.71","2018-2022","2022","Census","Sacramento (County, 2022)"
"Census Tract","06067006003","CA","06067006003","=""06067006003""","15.86","2018-2022","2022","Census","Sacramento (County, 2022)"
"Census Tract","06067006004","CA","06067006004","=""06067006004""","26.55","2018-2022","2022","Census","Sacramento (County, 2022)"
"Census Tract","06067006101","CA","06067006101","=""06067006101""","14.52","2018-2022","2022","Census","Sacramento (County, 2022)"
"Census Tract","06067006102","CA","06067006102","=""06067006102""","19.23","2018-2022","2022","Census","Sacramento (County, 2022)"
"Census Tract","06067006202","CA","06067006202","=""06067006202""","11.21","2018-2022","2022","Census","Sacramento (County, 2022)"
"Census Tract","06067006203","CA","06067006203","=""06067006203""","5.46","2018-2022","2022","Census","Sacramento (County, 2022)"
"Census Tract","06067006204","CA","06067006204","=""06067006204""","16.02","2018-2022","2022","Census","Sacramento (County, 2022)"
"Census Tract","06067006300","CA","06067006300","=""06067006300""","10.24","2018-2022","2022","Census","Sacramento (County, 2022)"
"Census Tract","06067006400","CA","06067006400","=""06067006400""","5.02","2018-2022","2022","Census","Sacramento (County, 2022)"
"Census Tract","06067006501","CA","06067006501","=""06067006501""","6.08","2018-2022","2022","Census","Sacramento (County, 2022)"
"Census Tract","06067006502","CA","06067006502","=""06067006502""","24.52","2018-2022","2022","Census","Sacramento (County, 2022)"
"Census Tract","06067006600","CA","06067006600","=""06067006600""","10.85","2018-2022","2022","Census","Sacramento (County, 2022)"
"Census Tract","06067006703","CA","06067006703","=""06067006703""","12.44","2018-2022","2022","Census","Sacramento (County, 2022)"
"Census Tract","06067006704","CA","06067006704","=""06067006704""","11.38","2018-2022","2022","Census","Sacramento (County, 2022)"
"Census Tract","06067006705","CA","06067006705","=""06067006705""","3.20","2018-2022","2022","Census","Sacramento (County, 2022)"
"Census Tract","06067006706","CA","06067006706","=""06067006706""","12.68","2018-2022","2022","Census","Sacramento (County, 2022)"
"Census Tract","06067006801","CA","06067006801","=""06067006801""","0.80","2018-2022","2022","Census","Sacramento (County, 2022)"
"Census Tract","06067006802","CA","06067006802","=""06067006802""","11.17","2018-2022","2022","Census","Sacramento (County, 2022)"
"Census Tract","06067006803","CA","06067006803","=""06067006803""","11.91","2018-2022","2022","Census","Sacramento (County, 2022)"
"Census Tract","06067006901","CA","06067006901","=""06067006901""","6.69","2018-2022","2022","Census","Sacramento (County, 2022)"
"Census Tract","06067006902","CA","06067006902","=""06067006902""","5.85","2018-2022","2022","Census","Sacramento (County, 2022)"
"Census Tract","06067007001","CA","06067007001","=""06067007001""","10.65","2018-2022","2022","Census","Sacramento (County, 2022)"
"Census Tract","06067007007","CA","06067007007","=""06067007007""","9.44","2018-2022","2022","Census","Sacramento (County, 2022)"
"Census Tract","06067007010","CA","06067007010","=""06067007010""","29.76","2018-2022","2022","Census","Sacramento (County, 2022)"
"Census Tract","06067007011","CA","06067007011","=""06067007011""","21.81","2018-2022","2022","Census","Sacramento (County, 2022)"
"Census Tract","06067007012","CA","06067007012","=""06067007012""","18.98","2018-2022","2022","Census","Sacramento (County, 2022)"
"Census Tract","06067007013","CA","06067007013","=""06067007013""","24.16","2018-2022","2022","Census","Sacramento (County, 2022)"
"Census Tract","06067007016","CA","06067007016","=""06067007016""","19.09","2018-2022","2022","Census","Sacramento (County, 2022)"
"Census Tract","06067007017","CA","06067007017","=""06067007017""","23.12","2018-2022","2022","Census","Sacramento (County, 2022)"
"Census Tract","06067007019","CA","06067007019","=""06067007019""","33.15","2018-2022","2022","Census","Sacramento (County, 2022)"
"Census Tract","06067007020","CA","06067007020","=""06067007020""","29.10","2018-2022","2022","Census","Sacramento (County, 2022)"
"Census Tract","06067007021","CA","06067007021","=""06067007021""","12.78","2018-2022","2022","Census","Sacramento (County, 2022)"
"Census Tract","06067007022","CA","06067007022","=""06067007022""","26.07","2018-2022","2022","Census","Sacramento (County, 2022)"
"Census Tract","06067007023","CA","06067007023","=""06067007023""","14.80","2018-2022","2022","Census","Sacramento (County, 2022)"
"Census Tract","06067007024","CA","06067007024","=""06067007024""","23.50","2018-2022","2022","Census","Sacramento (County, 2022)"
"Census Tract","06067007025","CA","06067007025","=""06067007025""","24.86","2018-2022","2022","Census","Sacramento (County, 2022)"
"Census Tract","06067007026","CA","06067007026","=""06067007026""","34.96","2018-2022","2022","Census","Sacramento (County, 2022)"
"Census Tract","06067007027","CA","06067007027","=""06067007027""","35.85","2018-2022","2022","Census","Sacramento (County, 2022)"
"Census Tract","06067007028","CA","06067007028","=""06067007028""","33.01","2018-2022","2022","Census","Sacramento (County, 2022)"
"Census Tract","06067007101","CA","06067007101","=""06067007101""","19.42","2018-2022","2022","Census","Sacramento (County, 2022)"
"Census Tract","06067007103","CA","06067007103","=""06067007103""","29.64","2018-2022","2022","Census","Sacramento (County, 2022)"
"Census Tract","06067007105","CA","06067007105","=""06067007105""","33.71","2018-2022","2022","Census","Sacramento (County, 2022)"
"Census Tract","06067007106","CA","06067007106","=""06067007106""","31.02","2018-2022","2022","Census","Sacramento (County, 2022)"
"Census Tract","06067007107","CA","06067007107","=""06067007107""","28.83","2018-2022","2022","Census","Sacramento (County, 2022)"
"Census Tract","06067007108","CA","06067007108","=""06067007108""","32.55","2018-2022","2022","Census","Sacramento (County, 2022)"
"Census Tract","06067007109","CA","06067007109","=""06067007109""","33.08","2018-2022","2022","Census","Sacramento (County, 2022)"
"Census Tract","06067007110","CA","06067007110","=""06067007110""","38.21","2018-2022","2022","Census","Sacramento (County, 2022)"
"Census Tract","06067007111","CA","06067007111","=""06067007111""","37.14","2018-2022","2022","Census","Sacramento (County, 2022)"
"Census Tract","06067007202","CA","06067007202","=""06067007202""","13.13","2018-2022","2022","Census","Sacramento (County, 2022)"
"Census Tract","06067007204","CA","06067007204","=""06067007204""","15.82","2018-2022","2022","Census","Sacramento (County, 2022)"
"Census Tract","06067007206","CA","06067007206","=""06067007206""","11.74","2018-2022","2022","Census","Sacramento (County, 2022)"
"Census Tract","06067007207","CA","06067007207","=""06067007207""","8.91","2018-2022","2022","Census","Sacramento (County, 2022)"
"Census Tract","06067007208","CA","06067007208","=""06067007208""","13.66","2018-2022","2022","Census","Sacramento (County, 2022)"
"Census Tract","06067007209","CA","06067007209","=""06067007209""","7.70","2018-2022","2022","Census","Sacramento (County, 2022)"
"Census Tract","06067007301","CA","06067007301","=""06067007301""","6.51","2018-2022","2022","Census","Sacramento (County, 2022)"
"Census Tract","06067007402","CA","06067007402","=""06067007402""","9.65","2018-2022","2022","Census","Sacramento (County, 2022)"
"Census Tract","06067007403","CA","06067007403","=""06067007403""","11.75","2018-2022","2022","Census","Sacramento (County, 2022)"
"Census Tract","06067007413","CA","06067007413","=""06067007413""","6.17","2018-2022","2022","Census","Sacramento (County, 2022)"
"Census Tract","06067007414","CA","06067007414","=""06067007414""","8.17","2018-2022","2022","Census","Sacramento (County, 2022)"
"Census Tract","06067007415","CA","06067007415","=""06067007415""","15.31","2018-2022","2022","Census","Sacramento (County, 2022)"
"Census Tract","06067007416","CA","06067007416","=""06067007416""","7.52","2018-2022","2022","Census","Sacramento (County, 2022)"
"Census Tract","06067007417","CA","06067007417","=""06067007417""","15.42","2018-2022","2022","Census","Sacramento (County, 2022)"
"Census Tract","06067007422","CA","06067007422","=""06067007422""","9.70","2018-2022","2022","Census","Sacramento (County, 2022)"
"Census Tract","06067007423","CA","06067007423","=""06067007423""","10.56","2018-2022","2022","Census","Sacramento (County, 2022)"
"Census Tract","06067007424","CA","06067007424","=""06067007424""","6.33","2018-2022","2022","Census","Sacramento (County, 2022)"
"Census Tract","06067007426","CA","06067007426","=""06067007426""","15.83","2018-2022","2022","Census","Sacramento (County, 2022)"
"Census Tract","06067007427","CA","06067007427","=""06067007427""","12.13","2018-2022","2022","Census","Sacramento (County, 2022)"
"Census Tract","06067007428","CA","06067007428","=""06067007428""","12.15","2018-2022","2022","Census","Sacramento (County, 2022)"
"Census Tract","06067007429","CA","06067007429","=""06067007429""","17.62","2018-2022","2022","Census","Sacramento (County, 2022)"
"Census Tract","06067007430","CA","06067007430","=""06067007430""","12.30","2018-2022","2022","Census","Sacramento (County, 2022)"
"Census Tract","06067007431","CA","06067007431","=""06067007431""","15.81","2018-2022","2022","Census","Sacramento (County, 2022)"
"Census Tract","06067007432","CA","06067007432","=""06067007432""","20.36","2018-2022","2022","Census","Sacramento (County, 2022)"
"Census Tract","06067007434","CA","06067007434","=""06067007434""","8.62","2018-2022","2022","Census","Sacramento (County, 2022)"
"Census Tract","06067007435","CA","06067007435","=""06067007435""","7.00","2018-2022","2022","Census","Sacramento (County, 2022)"
"Census Tract","06067007436","CA","06067007436","=""06067007436""","35.05","2018-2022","2022","Census","Sacramento (County, 2022)"
"Census Tract","06067007437","CA","06067007437","=""06067007437""","20.58","2018-2022","2022","Census","Sacramento (County, 2022)"
"Census Tract","06067007438","CA","06067007438","=""06067007438""","8.83","2018-2022","2022","Census","Sacramento (County, 2022)"
"Census Tract","06067007439","CA","06067007439","=""06067007439""","9.42","2018-2022","2022","Census","Sacramento (County, 2022)"
"Census Tract","06067007501","CA","06067007501","=""06067007501""","14.14","2018-2022","2022","Census","Sacramento (County, 2022)"
"Census Tract","06067007503","CA","06067007503","=""06067007503""","12.33","2018-2022","2022","Census","Sacramento (County, 2022)"
"Census Tract","06067007504","CA","06067007504","=""06067007504""","27.19","2018-2022","2022","Census","Sacramento (County, 2022)"
"Census Tract","06067007602","CA","06067007602","=""06067007602""","24.22","2018-2022","2022","Census","Sacramento (County, 2022)"
"Census Tract","06067007603","CA","06067007603","=""06067007603""","28.19","2018-2022","2022","Census","Sacramento (County, 2022)"
"Census Tract","06067007604","CA","06067007604","=""06067007604""","24.40","2018-2022","2022","Census","Sacramento (County, 2022)"
"Census Tract","06067007701","CA","06067007701","=""06067007701""","16.30","2018-2022","2022","Census","Sacramento (County, 2022)"
"Census Tract","06067007702","CA","06067007702","=""06067007702""","28.22","2018-2022","2022","Census","Sacramento (County, 2022)"
"Census Tract","06067007801","CA","06067007801","=""06067007801""","22.18","2018-2022","2022","Census","Sacramento (County, 2022)"
"Census Tract","06067007802","CA","06067007802","=""06067007802""","24.99","2018-2022","2022","Census","Sacramento (County, 2022)"
"Census Tract","06067007903","CA","06067007903","=""06067007903""","19.79","2018-2022","2022","Census","Sacramento (County, 2022)"
"Census Tract","06067007904","CA","06067007904","=""06067007904""","18.90","2018-2022","2022","Census","Sacramento (County, 2022)"
"Census Tract","06067007905","CA","06067007905","=""06067007905""","27.09","2018-2022","2022","Census","Sacramento (County, 2022)"
"Census Tract","06067007906","CA","06067007906","=""06067007906""","18.72","2018-2022","2022","Census","Sacramento (County, 2022)"
"Census Tract","06067008005","CA","06067008005","=""06067008005""","36.82","2018-2022","2022","Census","Sacramento (County, 2022)"
"Census Tract","06067008006","CA","06067008006","=""06067008006""","33.28","2018-2022","2022","Census","Sacramento (County, 2022)"
"Census Tract","06067008007","CA","06067008007","=""06067008007""","23.88","2018-2022","2022","Census","Sacramento (County, 2022)"
"Census Tract","06067008008","CA","06067008008","=""06067008008""","26.89","2018-2022","2022","Census","Sacramento (County, 2022)"
"Census Tract","06067008009","CA","06067008009","=""06067008009""","33.61","2018-2022","2022","Census","Sacramento (County, 2022)"
"Census Tract","06067008010","CA","06067008010","=""06067008010""","32.36","2018-2022","2022","Census","Sacramento (County, 2022)"
"Census Tract","06067008111","CA","06067008111","=""06067008111""","14.12","2018-2022","2022","Census","Sacramento (County, 2022)"
"Census Tract","06067008113","CA","06067008113","=""06067008113""","13.32","2018-2022","2022","Census","Sacramento (County, 2022)"
"Census Tract","06067008117","CA","06067008117","=""06067008117""","15.38","2018-2022","2022","Census","Sacramento (County, 2022)"
"Census Tract","06067008119","CA","06067008119","=""06067008119""","12.58","2018-2022","2022","Census","Sacramento (County, 2022)"
"Census Tract","06067008120","CA","06067008120","=""06067008120""","19.96","2018-2022","2022","Census","Sacramento (County, 2022)"
"Census Tract","06067008122","CA","06067008122","=""06067008122""","22.04","2018-2022","2022","Census","Sacramento (County, 2022)"
"Census Tract","06067008124","CA","06067008124","=""06067008124""","19.30","2018-2022","2022","Census","Sacramento (County, 2022)"
"Census Tract","06067008125","CA","06067008125","=""06067008125""","24.57","2018-2022","2022","Census","Sacramento (County, 2022)"
"Census Tract","06067008127","CA","06067008127","=""06067008127""","14.97","2018-2022","2022","Census","Sacramento (County, 2022)"
"Census Tract","06067008128","CA","06067008128","=""06067008128""","9.28","2018-2022","2022","Census","Sacramento (County, 2022)"
"Census Tract","06067008129","CA","06067008129","=""06067008129""","5.27","2018-2022","2022","Census","Sacramento (County, 2022)"
"Census Tract","06067008130","CA","06067008130","=""06067008130""","11.53","2018-2022","2022","Census","Sacramento (County, 2022)"
"Census Tract","06067008131","CA","06067008131","=""06067008131""","16.64","2018-2022","2022","Census","Sacramento (County, 2022)"
"Census Tract","06067008132","CA","06067008132","=""06067008132""","19.37","2018-2022","2022","Census","Sacramento (County, 2022)"
"Census Tract","06067008133","CA","06067008133","=""06067008133""","17.55","2018-2022","2022","Census","Sacramento (County, 2022)"
"Census Tract","06067008134","CA","06067008134","=""06067008134""","16.13","2018-2022","2022","Census","Sacramento (County, 2022)"
"Census Tract","06067008135","CA","06067008135","=""06067008135""","16.44","2018-2022","2022","Census","Sacramento (County, 2022)"
"Census Tract","06067008136","CA","06067008136","=""06067008136""","12.78","2018-2022","2022","Census","Sacramento (County, 2022)"
"Census Tract","06067008137","CA","06067008137","=""06067008137""","15.99","2018-2022","2022","Census","Sacramento (County, 2022)"
"Census Tract","06067008138","CA","06067008138","=""06067008138""","12.48","2018-2022","2022","Census","Sacramento (County, 2022)"
"Census Tract","06067008139","CA","06067008139","=""06067008139""","23.89","2018-2022","2022","Census","Sacramento (County, 2022)"
"Census Tract","06067008140","CA","06067008140","=""06067008140""","17.91","2018-2022","2022","Census","Sacramento (County, 2022)"
"Census Tract","06067008141","CA","06067008141","=""06067008141""","12.40","2018-2022","2022","Census","Sacramento (County, 2022)"
"Census Tract","06067008142","CA","06067008142","=""06067008142""","10.06","2018-2022","2022","Census","Sacramento (County, 2022)"
"Census Tract","06067008143","CA","06067008143","=""06067008143""","13.40","2018-2022","2022","Census","Sacramento (County, 2022)"
"Census Tract","06067008144","CA","06067008144","=""06067008144""","19.69","2018-2022","2022","Census","Sacramento (County, 2022)"
"Census Tract","06067008145","CA","06067008145","=""06067008145""","17.11","2018-2022","2022","Census","Sacramento (County, 2022)"
"Census Tract","06067008203","CA","06067008203","=""06067008203""","17.52","2018-2022","2022","Census","Sacramento (County, 2022)"
"Census Tract","06067008204","CA","06067008204","=""06067008204""","19.55","2018-2022","2022","Census","Sacramento (County, 2022)"
"Census Tract","06067008206","CA","06067008206","=""06067008206""","18.72","2018-2022","2022","Census","Sacramento (County, 2022)"
"Census Tract","06067008207","CA","06067008207","=""06067008207""","33.98","2018-2022","2022","Census","Sacramento (County, 2022)"
"Census Tract","06067008208","CA","06067008208","=""06067008208""","19.47","2018-2022","2022","Census","Sacramento (County, 2022)"
"Census Tract","06067008209","CA","06067008209","=""06067008209""","25.70","2018-2022","2022","Census","Sacramento (County, 2022)"
"Census Tract","06067008210","CA","06067008210","=""06067008210""","36.19","2018-2022","2022","Census","Sacramento (County, 2022)"
"Census Tract","06067008211","CA","06067008211","=""06067008211""","21.09","2018-2022","2022","Census","Sacramento (County, 2022)"
"Census Tract","06067008402","CA","06067008402","=""06067008402""","31.43","2018-2022","2022","Census","Sacramento (County, 2022)"
"Census Tract","06067008403","CA","06067008403","=""06067008403""","39.70","2018-2022","2022","Census","Sacramento (County, 2022)"
"Census Tract","06067008404","CA","06067008404","=""06067008404""","25.27","2018-2022","2022","Census","Sacramento (County, 2022)"
"Census Tract","06067008501","CA","06067008501","=""06067008501""","33.56","2018-2022","2022","Census","Sacramento (County, 2022)"
"Census Tract","06067008504","CA","06067008504","=""06067008504""","32.81","2018-2022","2022","Census","Sacramento (County, 2022)"
"Census Tract","06067008505","CA","06067008505","=""06067008505""","41.59","2018-2022","2022","Census","Sacramento (County, 2022)"
"Census Tract","06067008506","CA","06067008506","=""06067008506""","28.56","2018-2022","2022","Census","Sacramento (County, 2022)"
"Census Tract","06067008507","CA","06067008507","=""06067008507""","32.22","2018-2022","2022","Census","Sacramento (County, 2022)"
"Census Tract","06067008508","CA","06067008508","=""06067008508""","29.66","2018-2022","2022","Census","Sacramento (County, 2022)"
"Census Tract","06067008509","CA","06067008509","=""06067008509""","49.23","2018-2022","2022","Census","Sacramento (County, 2022)"
"Census Tract","06067008510","CA","06067008510","=""06067008510""","36.00","2018-2022","2022","Census","Sacramento (County, 2022)"
"Census Tract","06067008512","CA","06067008512","=""06067008512""","36.09","2018-2022","2022","Census","Sacramento (County, 2022)"
"Census Tract","06067008513","CA","06067008513","=""06067008513""","35.88","2018-2022","2022","Census","Sacramento (County, 2022)"
"Census Tract","06067008601","CA","06067008601","=""06067008601""","37.21","2018-2022","2022","Census","Sacramento (County, 2022)"
"Census Tract","06067008602","CA","06067008602","=""06067008602""","13.96","2018-2022","2022","Census","Sacramento (County, 2022)"
"Census Tract","06067008702","CA","06067008702","=""06067008702""","35.64","2018-2022","2022","Census","Sacramento (County, 2022)"
"Census Tract","06067008703","CA","06067008703","=""06067008703""","41.16","2018-2022","2022","Census","Sacramento (County, 2022)"
"Census Tract","06067008704","CA","06067008704","=""06067008704""","29.88","2018-2022","2022","Census","Sacramento (County, 2022)"
"Census Tract","06067008706","CA","06067008706","=""06067008706""","24.60","2018-2022","2022","Census","Sacramento (County, 2022)"
"Census Tract","06067008707","CA","06067008707","=""06067008707""","37.61","2018-2022","2022","Census","Sacramento (County, 2022)"
"Census Tract","06067008708","CA","06067008708","=""06067008708""","31.55","2018-2022","2022","Census","Sacramento (County, 2022)"
"Census Tract","06067008802","CA","06067008802","=""06067008802""","32.10","2018-2022","2022","Census","Sacramento (County, 2022)"
"Census Tract","06067008803","CA","06067008803","=""06067008803""","20.32","2018-2022","2022","Census","Sacramento (County, 2022)"
"Census Tract","06067008905","CA","06067008905","=""06067008905""","20.25","2018-2022","2022","Census","Sacramento (County, 2022)"
"Census Tract","06067008907","CA","06067008907","=""06067008907""","14.66","2018-2022","2022","Census","Sacramento (County, 2022)"
"Census Tract","06067008908","CA","06067008908","=""06067008908""","12.88","2018-2022","2022","Census","Sacramento (County, 2022)"
"Census Tract","06067008909","CA","06067008909","=""06067008909""","23.04","2018-2022","2022","Census","Sacramento (County, 2022)"
"Census Tract","06067008910","CA","06067008910","=""06067008910""","23.21","2018-2022","2022","Census","Sacramento (County, 2022)"
"Census Tract","06067008911","CA","06067008911","=""06067008911""","12.39","2018-2022","2022","Census","Sacramento (County, 2022)"
"Census Tract","06067008912","CA","06067008912","=""06067008912""","21.22","2018-2022","2022","Census","Sacramento (County, 2022)"
"Census Tract","06067008913","CA","06067008913","=""06067008913""","14.51","2018-2022","2022","Census","Sacramento (County, 2022)"
"Census Tract","06067009004","CA","06067009004","=""06067009004""","9.53","2018-2022","2022","Census","Sacramento (County, 2022)"
"Census Tract","06067009005","CA","06067009005","=""06067009005""","20.77","2018-2022","2022","Census","Sacramento (County, 2022)"
"Census Tract","06067009006","CA","06067009006","=""06067009006""","12.58","2018-2022","2022","Census","Sacramento (County, 2022)"
"Census Tract","06067009007","CA","06067009007","=""06067009007""","12.70","2018-2022","2022","Census","Sacramento (County, 2022)"
"Census Tract","06067009008","CA","06067009008","=""06067009008""","11.18","2018-2022","2022","Census","Sacramento (County, 2022)"
"Census Tract","06067009010","CA","06067009010","=""06067009010""","24.15","2018-2022","2022","Census","Sacramento (County, 2022)"
"Census Tract","06067009011","CA","06067009011","=""06067009011""","31.61","2018-2022","2022","Census","Sacramento (County, 2022)"
"Census Tract","06067009103","CA","06067009103","=""06067009103""","26.42","2018-2022","2022","Census","Sacramento (County, 2022)"
"Census Tract","06067009105","CA","06067009105","=""06067009105""","24.76","2018-2022","2022","Census","Sacramento (County, 2022)"
"Census Tract","06067009106","CA","06067009106","=""06067009106""","28.70","2018-2022","2022","Census","Sacramento (County, 2022)"
"Census Tract","06067009107","CA","06067009107","=""06067009107""","16.29","2018-2022","2022","Census","Sacramento (County, 2022)"
"Census Tract","06067009108","CA","06067009108","=""06067009108""","21.65","2018-2022","2022","Census","Sacramento (County, 2022)"
"Census Tract","06067009109","CA","06067009109","=""06067009109""","23.43","2018-2022","2022","Census","Sacramento (County, 2022)"
"Census Tract","06067009110","CA","06067009110","=""06067009110""","9.39","2018-2022","2022","Census","Sacramento (County, 2022)"
"Census Tract","06067009111","CA","06067009111","=""06067009111""","15.35","2018-2022","2022","Census","Sacramento (County, 2022)"
"Census Tract","06067009112","CA","06067009112","=""06067009112""","22.46","2018-2022","2022","Census","Sacramento (County, 2022)"
"Census Tract","06067009201","CA","06067009201","=""06067009201""","22.90","2018-2022","2022","Census","Sacramento (County, 2022)"
"Census Tract","06067009307","CA","06067009307","=""06067009307""","26.11","2018-2022","2022","Census","Sacramento (County, 2022)"
"Census Tract","06067009308","CA","06067009308","=""06067009308""","20.19","2018-2022","2022","Census","Sacramento (County, 2022)"
"Census Tract","06067009309","CA","06067009309","=""06067009309""","18.59","2018-2022","2022","Census","Sacramento (County, 2022)"
"Census Tract","06067009310","CA","06067009310","=""06067009310""","17.56","2018-2022","2022","Census","Sacramento (County, 2022)"
"Census Tract","06067009311","CA","06067009311","=""06067009311""","13.78","2018-2022","2022","Census","Sacramento (County, 2022)"
"Census Tract","06067009312","CA","06067009312","=""06067009312""","22.37","2018-2022","2022","Census","Sacramento (County, 2022)"
"Census Tract","06067009314","CA","06067009314","=""06067009314""","16.40","2018-2022","2022","Census","Sacramento (County, 2022)"
"Census Tract","06067009316","CA","06067009316","=""06067009316""","15.13","2018-2022","2022","Census","Sacramento (County, 2022)"
"Census Tract","06067009317","CA","06067009317","=""06067009317""","23.07","2018-2022","2022","Census","Sacramento (County, 2022)"
"Census Tract","06067009318","CA","06067009318","=""06067009318""","9.42","2018-2022","2022","Census","Sacramento (County, 2022)"
"Census Tract","06067009319","CA","06067009319","=""06067009319""","10.20","2018-2022","2022","Census","Sacramento (County, 2022)"
"Census Tract","06067009320","CA","06067009320","=""06067009320""","12.41","2018-2022","2022","Census","Sacramento (County, 2022)"
"Census Tract","06067009321","CA","06067009321","=""06067009321""","12.99","2018-2022","2022","Census","Sacramento (County, 2022)"
"Census Tract","06067009323","CA","06067009323","=""06067009323""","22.06","2018-2022","2022","Census","Sacramento (County, 2022)"
"Census Tract","06067009326","CA","06067009326","=""06067009326""","29.28","2018-2022","2022","Census","Sacramento (County, 2022)"
"Census Tract","06067009328","CA","06067009328","=""06067009328""","25.69","2018-2022","2022","Census","Sacramento (County, 2022)"
"Census Tract","06067009329","CA","06067009329","=""06067009329""","17.29","2018-2022","2022","Census","Sacramento (County, 2022)"
"Census Tract","06067009330","CA","06067009330","=""06067009330""","27.49","2018-2022","2022","Census","Sacramento (County, 2022)"
"Census Tract","06067009331","CA","06067009331","=""06067009331""","29.48","2018-2022","2022","Census","Sacramento (County, 2022)"
"Census Tract","06067009332","CA","06067009332","=""06067009332""","23.96","2018-2022","2022","Census","Sacramento (County, 2022)"
"Census Tract","06067009333","CA","06067009333","=""06067009333""","18.49","2018-2022","2022","Census","Sacramento (County, 2022)"
"Census Tract","06067009334","CA","06067009334","=""06067009334""","24.20","2018-2022","2022","Census","Sacramento (County, 2022)"
"Census Tract","06067009335","CA","06067009335","=""06067009335""","11.36","2018-2022","2022","Census","Sacramento (County, 2022)"
"Census Tract","06067009336","CA","06067009336","=""06067009336""","27.38","2018-2022","2022","Census","Sacramento (County, 2022)"
"Census Tract","06067009403","CA","06067009403","=""06067009403""","15.09","2018-2022","2022","Census","Sacramento (County, 2022)"
"Census Tract","06067009404","CA","06067009404","=""06067009404""","22.35","2018-2022","2022","Census","Sacramento (County, 2022)"
"Census Tract","06067009406","CA","06067009406","=""06067009406""","9.84","2018-2022","2022","Census","Sacramento (County, 2022)"
"Census Tract","06067009408","CA","06067009408","=""06067009408""","14.09","2018-2022","2022","Census","Sacramento (County, 2022)"
"Census Tract","06067009409","CA","06067009409","=""06067009409""","22.59","2018-2022","2022","Census","Sacramento (County, 2022)"
"Census Tract","06067009410","CA","06067009410","=""06067009410""","15.42","2018-2022","2022","Census","Sacramento (County, 2022)"
"Census Tract","06067009501","CA","06067009501","=""06067009501""","11.33","2018-2022","2022","Census","Sacramento (County, 2022)"
"Census Tract","06067009502","CA","06067009502","=""06067009502""","15.79","2018-2022","2022","Census","Sacramento (County, 2022)"
"Census Tract","06067009503","CA","06067009503","=""06067009503""","15.46","2018-2022","2022","Census","Sacramento (County, 2022)"
"Census Tract","06067009504","CA","06067009504","=""06067009504""","9.10","2018-2022","2022","Census","Sacramento (County, 2022)"
"Census Tract","06067009601","CA","06067009601","=""06067009601""","11.36","2018-2022","2022","Census","Sacramento (County, 2022)"
"Census Tract","06067009608","CA","06067009608","=""06067009608""","17.54","2018-2022","2022","Census","Sacramento (County, 2022)"
"Census Tract","06067009609","CA","06067009609","=""06067009609""","15.09","2018-2022","2022","Census","Sacramento (County, 2022)"
"Census Tract","06067009610","CA","06067009610","=""06067009610""","14.53","2018-2022","2022","Census","Sacramento (County, 2022)"
"Census Tract","06067009611","CA","06067009611","=""06067009611""","32.13","2018-2022","2022","Census","Sacramento (County, 2022)"
"Census Tract","06067009612","CA","06067009612","=""06067009612""","18.93","2018-2022","2022","Census","Sacramento (County, 2022)"
"Census Tract","06067009614","CA","06067009614","=""06067009614""","26.71","2018-2022","2022","Census","Sacramento (County, 2022)"
"Census Tract","06067009616","CA","06067009616","=""06067009616""","27.53","2018-2022","2022","Census","Sacramento (County, 2022)"
"Census Tract","06067009617","CA","06067009617","=""06067009617""","27.63","2018-2022","2022","Census","Sacramento (County, 2022)"
"Census Tract","06067009618","CA","06067009618","=""06067009618""","26.30","2018-2022","2022","Census","Sacramento (County, 2022)"
"Census Tract","06067009622","CA","06067009622","=""06067009622""","23.26","2018-2022","2022","Census","Sacramento (County, 2022)"
"Census Tract","06067009632","CA","06067009632","=""06067009632""","28.28","2018-2022","2022","Census","Sacramento (County, 2022)"
"Census Tract","06067009633","CA","06067009633","=""06067009633""","13.56","2018-2022","2022","Census","Sacramento (County, 2022)"
"Census Tract","06067009634","CA","06067009634","=""06067009634""","8.40","2018-2022","2022","Census","Sacramento (County, 2022)"
"Census Tract","06067009635","CA","06067009635","=""06067009635""","28.45","2018-2022","2022","Census","Sacramento (County, 2022)"
"Census Tract","06067009637","CA","06067009637","=""06067009637""","29.43","2018-2022","2022","Census","Sacramento (County, 2022)"
"Census Tract","06067009639","CA","06067009639","=""06067009639""","17.96","2018-2022","2022","Census","Sacramento (County, 2022)"
"Census Tract","06067009640","CA","06067009640","=""06067009640""","14.75","2018-2022","2022","Census","Sacramento (County, 2022)"
"Census Tract","06067009641","CA","06067009641","=""06067009641""","16.34","2018-2022","2022","Census","Sacramento (County, 2022)"
"Census Tract","06067009642","CA","06067009642","=""06067009642""","25.86","2018-2022","2022","Census","Sacramento (County, 2022)"
"Census Tract","06067009643","CA","06067009643","=""06067009643""","18.90","2018-2022","2022","Census","Sacramento (County, 2022)"
"Census Tract","06067009644","CA","06067009644","=""06067009644""","33.30","2018-2022","2022","Census","Sacramento (County, 2022)"
"Census Tract","06067009645","CA","06067009645","=""06067009645""","24.63","2018-2022","2022","Census","Sacramento (County, 2022)"
"Census Tract","06067009646","CA","06067009646","=""06067009646""","19.53","2018-2022","2022","Census","Sacramento (County, 2022)"
"Census Tract","06067009647","CA","06067009647","=""06067009647""","24.43","2018-2022","2022","Census","Sacramento (County, 2022)"
"Census Tract","06067009648","CA","06067009648","=""06067009648""","26.08","2018-2022","2022","Census","Sacramento (County, 2022)"
"Census Tract","06067009649","CA","06067009649","=""06067009649""","36.16","2018-2022","2022","Census","Sacramento (County, 2022)"
"Census Tract","06067009650","CA","06067009650","=""06067009650""","36.04","2018-2022","2022","Census","Sacramento (County, 2022)"
"Census Tract","06067009651","CA","06067009651","=""06067009651""","26.10","2018-2022","2022","Census","Sacramento (County, 2022)"
"Census Tract","06067009652","CA","06067009652","=""06067009652""","33.78","2018-2022","2022","Census","Sacramento (County, 2022)"
"Census Tract","06067009653","CA","06067009653","=""06067009653""","20.13","2018-2022","2022","Census","Sacramento (County, 2022)"
"Census Tract","06067009800","CA","06067009800","=""06067009800""","12.18","2018-2022","2022","Census","Sacramento (County, 2022)"
"Census Tract","06067009900","CA","06067009900","=""06067009900""","25.25","2018-2022","2022","Census","Sacramento (County, 2022)"
"Census Tract","06067988300","CA","06067988300","=""06067988300""","1.14","2018-2022","2022","Census","Sacramento (County, 2022)"
