"GeoID_Description","GeoID_Name","SitsinState","GeoID","GeoID_Formatted","phs","TimeFrame","GeoVintage","Source","Location"
"Census Tract","06067000100","CA","06067000100","=""06067000100""","7.47","2018-2022","2022","Census","Sacramento (County, 2022)"
"Census Tract","06067000200","CA","06067000200","=""06067000200""","7.57","2018-2022","2022","Census","Sacramento (County, 2022)"
"Census Tract","06067000300","CA","06067000300","=""06067000300""","8.76","2018-2022","2022","Census","Sacramento (County, 2022)"
"Census Tract","06067000400","CA","06067000400","=""06067000400""","7.63","2018-2022","2022","Census","Sacramento (County, 2022)"
"Census Tract","06067000501","CA","06067000501","=""06067000501""","14.67","2018-2022","2022","Census","Sacramento (County, 2022)"
"Census Tract","06067000502","CA","06067000502","=""06067000502""","10.28","2018-2022","2022","Census","Sacramento (County, 2022)"
"Census Tract","06067000600","CA","06067000600","=""06067000600""","7.58","2018-2022","2022","Census","Sacramento (County, 2022)"
"Census Tract","06067000700","CA","06067000700","=""06067000700""","26.95","2018-2022","2022","Census","Sacramento (County, 2022)"
"Census Tract","06067000800","CA","06067000800","=""06067000800""","15.47","2018-2022","2022","Census","Sacramento (County, 2022)"
"Census Tract","06067001102","CA","06067001102","=""06067001102""","4.87","2018-2022","2022","Census","Sacramento (County, 2022)"
"Census Tract","06067001103","CA","06067001103","=""06067001103""","17.10","2018-2022","2022","Census","Sacramento (County, 2022)"
"Census Tract","06067001201","CA","06067001201","=""06067001201""","7.68","2018-2022","2022","Census","Sacramento (County, 2022)"
"Census Tract","06067001202","CA","06067001202","=""06067001202""","12.08","2018-2022","2022","Census","Sacramento (County, 2022)"
"Census Tract","06067001300","CA","06067001300","=""06067001300""","7.16","2018-2022","2022","Census","Sacramento (County, 2022)"
"Census Tract","06067001400","CA","06067001400","=""06067001400""","11.90","2018-2022","2022","Census","Sacramento (County, 2022)"
"Census Tract","06067001500","CA","06067001500","=""06067001500""","5.91","2018-2022","2022","Census","Sacramento (County, 2022)"
"Census Tract","06067001601","CA","06067001601","=""06067001601""","9.22","2018-2022","2022","Census","Sacramento (County, 2022)"
"Census Tract","06067001602","CA","06067001602","=""06067001602""","8.99","2018-2022","2022","Census","Sacramento (County, 2022)"
"Census Tract","06067001701","CA","06067001701","=""06067001701""","7.39","2018-2022","2022","Census","Sacramento (County, 2022)"
"Census Tract","06067001702","CA","06067001702","=""06067001702""","14.86","2018-2022","2022","Census","Sacramento (County, 2022)"
"Census Tract","06067001800","CA","06067001800","=""06067001800""","8.34","2018-2022","2022","Census","Sacramento (County, 2022)"
"Census Tract","06067001900","CA","06067001900","=""06067001900""","13.26","2018-2022","2022","Census","Sacramento (County, 2022)"
"Census Tract","06067002000","CA","06067002000","=""06067002000""","11.04","2018-2022","2022","Census","Sacramento (County, 2022)"
"Census Tract","06067002100","CA","06067002100","=""06067002100""","16.55","2018-2022","2022","Census","Sacramento (County, 2022)"
"Census Tract","06067002200","CA","06067002200","=""06067002200""","6.68","2018-2022","2022","Census","Sacramento (County, 2022)"
"Census Tract","06067002300","CA","06067002300","=""06067002300""","6.28","2018-2022","2022","Census","Sacramento (County, 2022)"
"Census Tract","06067002400","CA","06067002400","=""06067002400""","2.87","2018-2022","2022","Census","Sacramento (County, 2022)"
"Census Tract","06067002500","CA","06067002500","=""06067002500""","3.96","2018-2022","2022","Census","Sacramento (County, 2022)"
"Census Tract","06067002600","CA","06067002600","=""06067002600""","8.45","2018-2022","2022","Census","Sacramento (County, 2022)"
"Census Tract","06067002700","CA","06067002700","=""06067002700""","8.23","2018-2022","2022","Census","Sacramento (County, 2022)"
"Census Tract","06067002800","CA","06067002800","=""06067002800""","26.77","2018-2022","2022","Census","Sacramento (County, 2022)"
"Census Tract","06067002900","CA","06067002900","=""06067002900""","21.51","2018-2022","2022","Census","Sacramento (County, 2022)"
"Census Tract","06067003001","CA","06067003001","=""06067003001""","20.06","2018-2022","2022","Census","Sacramento (County, 2022)"
"Census Tract","06067003002","CA","06067003002","=""06067003002""","10.03","2018-2022","2022","Census","Sacramento (County, 2022)"
"Census Tract","06067003101","CA","06067003101","=""06067003101""","28.44","2018-2022","2022","Census","Sacramento (County, 2022)"
"Census Tract","06067003102","CA","06067003102","=""06067003102""","24.24","2018-2022","2022","Census","Sacramento (County, 2022)"
"Census Tract","06067003202","CA","06067003202","=""06067003202""","23.89","2018-2022","2022","Census","Sacramento (County, 2022)"
"Census Tract","06067003203","CA","06067003203","=""06067003203""","23.54","2018-2022","2022","Census","Sacramento (County, 2022)"
"Census Tract","06067003204","CA","06067003204","=""06067003204""","34.42","2018-2022","2022","Census","Sacramento (County, 2022)"
"Census Tract","06067003300","CA","06067003300","=""06067003300""","11.62","2018-2022","2022","Census","Sacramento (County, 2022)"
"Census Tract","06067003400","CA","06067003400","=""06067003400""","12.09","2018-2022","2022","Census","Sacramento (County, 2022)"
"Census Tract","06067003501","CA","06067003501","=""06067003501""","18.39","2018-2022","2022","Census","Sacramento (County, 2022)"
"Census Tract","06067003502","CA","06067003502","=""06067003502""","25.23","2018-2022","2022","Census","Sacramento (County, 2022)"
"Census Tract","06067003600","CA","06067003600","=""06067003600""","22.13","2018-2022","2022","Census","Sacramento (County, 2022)"
"Census Tract","06067003700","CA","06067003700","=""06067003700""","23.97","2018-2022","2022","Census","Sacramento (County, 2022)"
"Census Tract","06067003800","CA","06067003800","=""06067003800""","26.29","2018-2022","2022","Census","Sacramento (County, 2022)"
"Census Tract","06067003900","CA","06067003900","=""06067003900""","22.31","2018-2022","2022","Census","Sacramento (County, 2022)"
"Census Tract","06067004005","CA","06067004005","=""06067004005""","14.97","2018-2022","2022","Census","Sacramento (County, 2022)"
"Census Tract","06067004006","CA","06067004006","=""06067004006""","14.05","2018-2022","2022","Census","Sacramento (County, 2022)"
"Census Tract","06067004008","CA","06067004008","=""06067004008""","7.40","2018-2022","2022","Census","Sacramento (County, 2022)"
"Census Tract","06067004011","CA","06067004011","=""06067004011""","7.81","2018-2022","2022","Census","Sacramento (County, 2022)"
"Census Tract","06067004012","CA","06067004012","=""06067004012""","13.37","2018-2022","2022","Census","Sacramento (County, 2022)"
"Census Tract","06067004013","CA","06067004013","=""06067004013""","16.39","2018-2022","2022","Census","Sacramento (County, 2022)"
"Census Tract","06067004014","CA","06067004014","=""06067004014""","15.38","2018-2022","2022","Census","Sacramento (County, 2022)"
"Census Tract","06067004015","CA","06067004015","=""06067004015""","11.42","2018-2022","2022","Census","Sacramento (County, 2022)"
"Census Tract","06067004016","CA","06067004016","=""06067004016""","11.85","2018-2022","2022","Census","Sacramento (County, 2022)"
"Census Tract","06067004017","CA","06067004017","=""06067004017""","19.00","2018-2022","2022","Census","Sacramento (County, 2022)"
"Census Tract","06067004018","CA","06067004018","=""06067004018""","10.35","2018-2022","2022","Census","Sacramento (County, 2022)"
"Census Tract","06067004019","CA","06067004019","=""06067004019""","12.37","2018-2022","2022","Census","Sacramento (County, 2022)"
"Census Tract","06067004020","CA","06067004020","=""06067004020""","13.97","2018-2022","2022","Census","Sacramento (County, 2022)"
"Census Tract","06067004100","CA","06067004100","=""06067004100""","33.02","2018-2022","2022","Census","Sacramento (County, 2022)"
"Census Tract","06067004201","CA","06067004201","=""06067004201""","30.24","2018-2022","2022","Census","Sacramento (County, 2022)"
"Census Tract","06067004202","CA","06067004202","=""06067004202""","35.80","2018-2022","2022","Census","Sacramento (County, 2022)"
"Census Tract","06067004203","CA","06067004203","=""06067004203""","38.76","2018-2022","2022","Census","Sacramento (County, 2022)"
"Census Tract","06067004301","CA","06067004301","=""06067004301""","28.87","2018-2022","2022","Census","Sacramento (County, 2022)"
"Census Tract","06067004302","CA","06067004302","=""06067004302""","33.71","2018-2022","2022","Census","Sacramento (County, 2022)"
"Census Tract","06067004401","CA","06067004401","=""06067004401""","27.78","2018-2022","2022","Census","Sacramento (County, 2022)"
"Census Tract","06067004402","CA","06067004402","=""06067004402""","22.77","2018-2022","2022","Census","Sacramento (County, 2022)"
"Census Tract","06067004501","CA","06067004501","=""06067004501""","32.21","2018-2022","2022","Census","Sacramento (County, 2022)"
"Census Tract","06067004502","CA","06067004502","=""06067004502""","32.38","2018-2022","2022","Census","Sacramento (County, 2022)"
"Census Tract","06067004602","CA","06067004602","=""06067004602""","25.48","2018-2022","2022","Census","Sacramento (County, 2022)"
"Census Tract","06067004603","CA","06067004603","=""06067004603""","18.62","2018-2022","2022","Census","Sacramento (County, 2022)"
"Census Tract","06067004604","CA","06067004604","=""06067004604""","26.94","2018-2022","2022","Census","Sacramento (County, 2022)"
"Census Tract","06067004701","CA","06067004701","=""06067004701""","28.68","2018-2022","2022","Census","Sacramento (County, 2022)"
"Census Tract","06067004702","CA","06067004702","=""06067004702""","25.31","2018-2022","2022","Census","Sacramento (County, 2022)"
"Census Tract","06067004801","CA","06067004801","=""06067004801""","28.58","2018-2022","2022","Census","Sacramento (County, 2022)"
"Census Tract","06067004802","CA","06067004802","=""06067004802""","35.41","2018-2022","2022","Census","Sacramento (County, 2022)"
"Census Tract","06067004904","CA","06067004904","=""06067004904""","25.29","2018-2022","2022","Census","Sacramento (County, 2022)"
"Census Tract","06067004906","CA","06067004906","=""06067004906""","21.12","2018-2022","2022","Census","Sacramento (County, 2022)"
"Census Tract","06067004907","CA","06067004907","=""06067004907""","31.10","2018-2022","2022","Census","Sacramento (County, 2022)"
"Census Tract","06067004908","CA","06067004908","=""06067004908""","21.92","2018-2022","2022","Census","Sacramento (County, 2022)"
"Census Tract","06067004909","CA","06067004909","=""06067004909""","31.32","2018-2022","2022","Census","Sacramento (County, 2022)"
"Census Tract","06067004910","CA","06067004910","=""06067004910""","19.40","2018-2022","2022","Census","Sacramento (County, 2022)"
"Census Tract","06067005002","CA","06067005002","=""06067005002""","31.51","2018-2022","2022","Census","Sacramento (County, 2022)"
"Census Tract","06067005003","CA","06067005003","=""06067005003""","34.77","2018-2022","2022","Census","Sacramento (County, 2022)"
"Census Tract","06067005004","CA","06067005004","=""06067005004""","30.09","2018-2022","2022","Census","Sacramento (County, 2022)"
"Census Tract","06067005101","CA","06067005101","=""06067005101""","25.80","2018-2022","2022","Census","Sacramento (County, 2022)"
"Census Tract","06067005102","CA","06067005102","=""06067005102""","28.93","2018-2022","2022","Census","Sacramento (County, 2022)"
"Census Tract","06067005201","CA","06067005201","=""06067005201""","11.33","2018-2022","2022","Census","Sacramento (County, 2022)"
"Census Tract","06067005202","CA","06067005202","=""06067005202""","9.91","2018-2022","2022","Census","Sacramento (County, 2022)"
"Census Tract","06067005204","CA","06067005204","=""06067005204""","13.96","2018-2022","2022","Census","Sacramento (County, 2022)"
"Census Tract","06067005205","CA","06067005205","=""06067005205""","25.60","2018-2022","2022","Census","Sacramento (County, 2022)"
"Census Tract","06067005301","CA","06067005301","=""06067005301""","17.94","2018-2022","2022","Census","Sacramento (County, 2022)"
"Census Tract","06067005402","CA","06067005402","=""06067005402""","17.51","2018-2022","2022","Census","Sacramento (County, 2022)"
"Census Tract","06067005403","CA","06067005403","=""06067005403""","6.64","2018-2022","2022","Census","Sacramento (County, 2022)"
"Census Tract","06067005404","CA","06067005404","=""06067005404""","9.60","2018-2022","2022","Census","Sacramento (County, 2022)"
"Census Tract","06067005502","CA","06067005502","=""06067005502""","30.25","2018-2022","2022","Census","Sacramento (County, 2022)"
"Census Tract","06067005505","CA","06067005505","=""06067005505""","17.00","2018-2022","2022","Census","Sacramento (County, 2022)"
"Census Tract","06067005506","CA","06067005506","=""06067005506""","29.86","2018-2022","2022","Census","Sacramento (County, 2022)"
"Census Tract","06067005508","CA","06067005508","=""06067005508""","16.41","2018-2022","2022","Census","Sacramento (County, 2022)"
"Census Tract","06067005509","CA","06067005509","=""06067005509""","27.46","2018-2022","2022","Census","Sacramento (County, 2022)"
"Census Tract","06067005510","CA","06067005510","=""06067005510""","19.73","2018-2022","2022","Census","Sacramento (County, 2022)"
"Census Tract","06067005601","CA","06067005601","=""06067005601""","26.80","2018-2022","2022","Census","Sacramento (County, 2022)"
"Census Tract","06067005605","CA","06067005605","=""06067005605""","23.87","2018-2022","2022","Census","Sacramento (County, 2022)"
"Census Tract","06067005606","CA","06067005606","=""06067005606""","18.40","2018-2022","2022","Census","Sacramento (County, 2022)"
"Census Tract","06067005701","CA","06067005701","=""06067005701""","15.76","2018-2022","2022","Census","Sacramento (County, 2022)"
"Census Tract","06067005702","CA","06067005702","=""06067005702""","7.87","2018-2022","2022","Census","Sacramento (County, 2022)"
"Census Tract","06067005801","CA","06067005801","=""06067005801""","17.38","2018-2022","2022","Census","Sacramento (County, 2022)"
"Census Tract","06067005803","CA","06067005803","=""06067005803""","13.68","2018-2022","2022","Census","Sacramento (County, 2022)"
"Census Tract","06067005804","CA","06067005804","=""06067005804""","5.89","2018-2022","2022","Census","Sacramento (County, 2022)"
"Census Tract","06067005901","CA","06067005901","=""06067005901""","18.86","2018-2022","2022","Census","Sacramento (County, 2022)"
"Census Tract","06067005903","CA","06067005903","=""06067005903""","32.94","2018-2022","2022","Census","Sacramento (County, 2022)"
"Census Tract","06067005904","CA","06067005904","=""06067005904""","21.42","2018-2022","2022","Census","Sacramento (County, 2022)"
"Census Tract","06067006002","CA","06067006002","=""06067006002""","22.08","2018-2022","2022","Census","Sacramento (County, 2022)"
"Census Tract","06067006003","CA","06067006003","=""06067006003""","23.26","2018-2022","2022","Census","Sacramento (County, 2022)"
"Census Tract","06067006004","CA","06067006004","=""06067006004""","21.83","2018-2022","2022","Census","Sacramento (County, 2022)"
"Census Tract","06067006101","CA","06067006101","=""06067006101""","23.20","2018-2022","2022","Census","Sacramento (County, 2022)"
"Census Tract","06067006102","CA","06067006102","=""06067006102""","23.58","2018-2022","2022","Census","Sacramento (County, 2022)"
"Census Tract","06067006202","CA","06067006202","=""06067006202""","33.84","2018-2022","2022","Census","Sacramento (County, 2022)"
"Census Tract","06067006203","CA","06067006203","=""06067006203""","34.97","2018-2022","2022","Census","Sacramento (County, 2022)"
"Census Tract","06067006204","CA","06067006204","=""06067006204""","24.65","2018-2022","2022","Census","Sacramento (County, 2022)"
"Census Tract","06067006300","CA","06067006300","=""06067006300""","24.18","2018-2022","2022","Census","Sacramento (County, 2022)"
"Census Tract","06067006400","CA","06067006400","=""06067006400""","33.22","2018-2022","2022","Census","Sacramento (County, 2022)"
"Census Tract","06067006501","CA","06067006501","=""06067006501""","33.79","2018-2022","2022","Census","Sacramento (County, 2022)"
"Census Tract","06067006502","CA","06067006502","=""06067006502""","20.10","2018-2022","2022","Census","Sacramento (County, 2022)"
"Census Tract","06067006600","CA","06067006600","=""06067006600""","33.38","2018-2022","2022","Census","Sacramento (County, 2022)"
"Census Tract","06067006703","CA","06067006703","=""06067006703""","27.52","2018-2022","2022","Census","Sacramento (County, 2022)"
"Census Tract","06067006704","CA","06067006704","=""06067006704""","29.72","2018-2022","2022","Census","Sacramento (County, 2022)"
"Census Tract","06067006705","CA","06067006705","=""06067006705""","24.15","2018-2022","2022","Census","Sacramento (County, 2022)"
"Census Tract","06067006706","CA","06067006706","=""06067006706""","32.48","2018-2022","2022","Census","Sacramento (County, 2022)"
"Census Tract","06067006801","CA","06067006801","=""06067006801""","34.03","2018-2022","2022","Census","Sacramento (County, 2022)"
"Census Tract","06067006802","CA","06067006802","=""06067006802""","17.63","2018-2022","2022","Census","Sacramento (County, 2022)"
"Census Tract","06067006803","CA","06067006803","=""06067006803""","33.70","2018-2022","2022","Census","Sacramento (County, 2022)"
"Census Tract","06067006901","CA","06067006901","=""06067006901""","30.07","2018-2022","2022","Census","Sacramento (County, 2022)"
"Census Tract","06067006902","CA","06067006902","=""06067006902""","36.80","2018-2022","2022","Census","Sacramento (County, 2022)"
"Census Tract","06067007001","CA","06067007001","=""06067007001""","28.99","2018-2022","2022","Census","Sacramento (County, 2022)"
"Census Tract","06067007007","CA","06067007007","=""06067007007""","37.09","2018-2022","2022","Census","Sacramento (County, 2022)"
"Census Tract","06067007010","CA","06067007010","=""06067007010""","18.83","2018-2022","2022","Census","Sacramento (County, 2022)"
"Census Tract","06067007011","CA","06067007011","=""06067007011""","25.54","2018-2022","2022","Census","Sacramento (County, 2022)"
"Census Tract","06067007012","CA","06067007012","=""06067007012""","21.25","2018-2022","2022","Census","Sacramento (County, 2022)"
"Census Tract","06067007013","CA","06067007013","=""06067007013""","17.82","2018-2022","2022","Census","Sacramento (County, 2022)"
"Census Tract","06067007016","CA","06067007016","=""06067007016""","18.54","2018-2022","2022","Census","Sacramento (County, 2022)"
"Census Tract","06067007017","CA","06067007017","=""06067007017""","15.89","2018-2022","2022","Census","Sacramento (County, 2022)"
"Census Tract","06067007019","CA","06067007019","=""06067007019""","24.28","2018-2022","2022","Census","Sacramento (County, 2022)"
"Census Tract","06067007020","CA","06067007020","=""06067007020""","13.37","2018-2022","2022","Census","Sacramento (County, 2022)"
"Census Tract","06067007021","CA","06067007021","=""06067007021""","26.25","2018-2022","2022","Census","Sacramento (County, 2022)"
"Census Tract","06067007022","CA","06067007022","=""06067007022""","21.95","2018-2022","2022","Census","Sacramento (County, 2022)"
"Census Tract","06067007023","CA","06067007023","=""06067007023""","28.44","2018-2022","2022","Census","Sacramento (County, 2022)"
"Census Tract","06067007024","CA","06067007024","=""06067007024""","15.36","2018-2022","2022","Census","Sacramento (County, 2022)"
"Census Tract","06067007025","CA","06067007025","=""06067007025""","20.37","2018-2022","2022","Census","Sacramento (County, 2022)"
"Census Tract","06067007026","CA","06067007026","=""06067007026""","12.34","2018-2022","2022","Census","Sacramento (County, 2022)"
"Census Tract","06067007027","CA","06067007027","=""06067007027""","12.38","2018-2022","2022","Census","Sacramento (County, 2022)"
"Census Tract","06067007028","CA","06067007028","=""06067007028""","10.98","2018-2022","2022","Census","Sacramento (County, 2022)"
"Census Tract","06067007101","CA","06067007101","=""06067007101""","7.91","2018-2022","2022","Census","Sacramento (County, 2022)"
"Census Tract","06067007103","CA","06067007103","=""06067007103""","18.40","2018-2022","2022","Census","Sacramento (County, 2022)"
"Census Tract","06067007105","CA","06067007105","=""06067007105""","18.74","2018-2022","2022","Census","Sacramento (County, 2022)"
"Census Tract","06067007106","CA","06067007106","=""06067007106""","18.86","2018-2022","2022","Census","Sacramento (County, 2022)"
"Census Tract","06067007107","CA","06067007107","=""06067007107""","20.32","2018-2022","2022","Census","Sacramento (County, 2022)"
"Census Tract","06067007108","CA","06067007108","=""06067007108""","18.41","2018-2022","2022","Census","Sacramento (County, 2022)"
"Census Tract","06067007109","CA","06067007109","=""06067007109""","18.21","2018-2022","2022","Census","Sacramento (County, 2022)"
"Census Tract","06067007110","CA","06067007110","=""06067007110""","13.65","2018-2022","2022","Census","Sacramento (County, 2022)"
"Census Tract","06067007111","CA","06067007111","=""06067007111""","12.53","2018-2022","2022","Census","Sacramento (County, 2022)"
"Census Tract","06067007202","CA","06067007202","=""06067007202""","37.30","2018-2022","2022","Census","Sacramento (County, 2022)"
"Census Tract","06067007204","CA","06067007204","=""06067007204""","28.78","2018-2022","2022","Census","Sacramento (County, 2022)"
"Census Tract","06067007206","CA","06067007206","=""06067007206""","36.65","2018-2022","2022","Census","Sacramento (County, 2022)"
"Census Tract","06067007207","CA","06067007207","=""06067007207""","43.34","2018-2022","2022","Census","Sacramento (County, 2022)"
"Census Tract","06067007208","CA","06067007208","=""06067007208""","44.87","2018-2022","2022","Census","Sacramento (County, 2022)"
"Census Tract","06067007209","CA","06067007209","=""06067007209""","41.45","2018-2022","2022","Census","Sacramento (County, 2022)"
"Census Tract","06067007301","CA","06067007301","=""06067007301""","42.86","2018-2022","2022","Census","Sacramento (County, 2022)"
"Census Tract","06067007402","CA","06067007402","=""06067007402""","36.94","2018-2022","2022","Census","Sacramento (County, 2022)"
"Census Tract","06067007403","CA","06067007403","=""06067007403""","37.02","2018-2022","2022","Census","Sacramento (County, 2022)"
"Census Tract","06067007413","CA","06067007413","=""06067007413""","27.42","2018-2022","2022","Census","Sacramento (County, 2022)"
"Census Tract","06067007414","CA","06067007414","=""06067007414""","31.81","2018-2022","2022","Census","Sacramento (County, 2022)"
"Census Tract","06067007415","CA","06067007415","=""06067007415""","31.10","2018-2022","2022","Census","Sacramento (County, 2022)"
"Census Tract","06067007416","CA","06067007416","=""06067007416""","39.52","2018-2022","2022","Census","Sacramento (County, 2022)"
"Census Tract","06067007417","CA","06067007417","=""06067007417""","26.69","2018-2022","2022","Census","Sacramento (County, 2022)"
"Census Tract","06067007422","CA","06067007422","=""06067007422""","40.53","2018-2022","2022","Census","Sacramento (County, 2022)"
"Census Tract","06067007423","CA","06067007423","=""06067007423""","32.55","2018-2022","2022","Census","Sacramento (County, 2022)"
"Census Tract","06067007424","CA","06067007424","=""06067007424""","39.70","2018-2022","2022","Census","Sacramento (County, 2022)"
"Census Tract","06067007426","CA","06067007426","=""06067007426""","25.57","2018-2022","2022","Census","Sacramento (County, 2022)"
"Census Tract","06067007427","CA","06067007427","=""06067007427""","25.53","2018-2022","2022","Census","Sacramento (County, 2022)"
"Census Tract","06067007428","CA","06067007428","=""06067007428""","23.37","2018-2022","2022","Census","Sacramento (County, 2022)"
"Census Tract","06067007429","CA","06067007429","=""06067007429""","26.96","2018-2022","2022","Census","Sacramento (County, 2022)"
"Census Tract","06067007430","CA","06067007430","=""06067007430""","34.93","2018-2022","2022","Census","Sacramento (County, 2022)"
"Census Tract","06067007431","CA","06067007431","=""06067007431""","29.45","2018-2022","2022","Census","Sacramento (County, 2022)"
"Census Tract","06067007432","CA","06067007432","=""06067007432""","19.53","2018-2022","2022","Census","Sacramento (County, 2022)"
"Census Tract","06067007434","CA","06067007434","=""06067007434""","40.79","2018-2022","2022","Census","Sacramento (County, 2022)"
"Census Tract","06067007435","CA","06067007435","=""06067007435""","24.23","2018-2022","2022","Census","Sacramento (County, 2022)"
"Census Tract","06067007436","CA","06067007436","=""06067007436""","22.41","2018-2022","2022","Census","Sacramento (County, 2022)"
"Census Tract","06067007437","CA","06067007437","=""06067007437""","25.01","2018-2022","2022","Census","Sacramento (County, 2022)"
"Census Tract","06067007438","CA","06067007438","=""06067007438""","47.31","2018-2022","2022","Census","Sacramento (County, 2022)"
"Census Tract","06067007439","CA","06067007439","=""06067007439""","39.05","2018-2022","2022","Census","Sacramento (County, 2022)"
"Census Tract","06067007501","CA","06067007501","=""06067007501""","25.37","2018-2022","2022","Census","Sacramento (County, 2022)"
"Census Tract","06067007503","CA","06067007503","=""06067007503""","28.27","2018-2022","2022","Census","Sacramento (County, 2022)"
"Census Tract","06067007504","CA","06067007504","=""06067007504""","19.49","2018-2022","2022","Census","Sacramento (County, 2022)"
"Census Tract","06067007602","CA","06067007602","=""06067007602""","21.08","2018-2022","2022","Census","Sacramento (County, 2022)"
"Census Tract","06067007603","CA","06067007603","=""06067007603""","13.27","2018-2022","2022","Census","Sacramento (County, 2022)"
"Census Tract","06067007604","CA","06067007604","=""06067007604""","17.13","2018-2022","2022","Census","Sacramento (County, 2022)"
"Census Tract","06067007701","CA","06067007701","=""06067007701""","27.46","2018-2022","2022","Census","Sacramento (County, 2022)"
"Census Tract","06067007702","CA","06067007702","=""06067007702""","10.06","2018-2022","2022","Census","Sacramento (County, 2022)"
"Census Tract","06067007801","CA","06067007801","=""06067007801""","21.99","2018-2022","2022","Census","Sacramento (County, 2022)"
"Census Tract","06067007802","CA","06067007802","=""06067007802""","18.66","2018-2022","2022","Census","Sacramento (County, 2022)"
"Census Tract","06067007903","CA","06067007903","=""06067007903""","21.12","2018-2022","2022","Census","Sacramento (County, 2022)"
"Census Tract","06067007904","CA","06067007904","=""06067007904""","16.13","2018-2022","2022","Census","Sacramento (County, 2022)"
"Census Tract","06067007905","CA","06067007905","=""06067007905""","21.41","2018-2022","2022","Census","Sacramento (County, 2022)"
"Census Tract","06067007906","CA","06067007906","=""06067007906""","20.91","2018-2022","2022","Census","Sacramento (County, 2022)"
"Census Tract","06067008005","CA","06067008005","=""06067008005""","10.97","2018-2022","2022","Census","Sacramento (County, 2022)"
"Census Tract","06067008006","CA","06067008006","=""06067008006""","13.54","2018-2022","2022","Census","Sacramento (County, 2022)"
"Census Tract","06067008007","CA","06067008007","=""06067008007""","14.98","2018-2022","2022","Census","Sacramento (County, 2022)"
"Census Tract","06067008008","CA","06067008008","=""06067008008""","17.49","2018-2022","2022","Census","Sacramento (County, 2022)"
"Census Tract","06067008009","CA","06067008009","=""06067008009""","14.84","2018-2022","2022","Census","Sacramento (County, 2022)"
"Census Tract","06067008010","CA","06067008010","=""06067008010""","14.68","2018-2022","2022","Census","Sacramento (County, 2022)"
"Census Tract","06067008111","CA","06067008111","=""06067008111""","29.72","2018-2022","2022","Census","Sacramento (County, 2022)"
"Census Tract","06067008113","CA","06067008113","=""06067008113""","25.17","2018-2022","2022","Census","Sacramento (County, 2022)"
"Census Tract","06067008117","CA","06067008117","=""06067008117""","37.69","2018-2022","2022","Census","Sacramento (County, 2022)"
"Census Tract","06067008119","CA","06067008119","=""06067008119""","29.13","2018-2022","2022","Census","Sacramento (County, 2022)"
"Census Tract","06067008120","CA","06067008120","=""06067008120""","20.61","2018-2022","2022","Census","Sacramento (County, 2022)"
"Census Tract","06067008122","CA","06067008122","=""06067008122""","18.09","2018-2022","2022","Census","Sacramento (County, 2022)"
"Census Tract","06067008124","CA","06067008124","=""06067008124""","17.83","2018-2022","2022","Census","Sacramento (County, 2022)"
"Census Tract","06067008125","CA","06067008125","=""06067008125""","19.85","2018-2022","2022","Census","Sacramento (County, 2022)"
"Census Tract","06067008127","CA","06067008127","=""06067008127""","27.91","2018-2022","2022","Census","Sacramento (County, 2022)"
"Census Tract","06067008128","CA","06067008128","=""06067008128""","34.38","2018-2022","2022","Census","Sacramento (County, 2022)"
"Census Tract","06067008129","CA","06067008129","=""06067008129""","33.83","2018-2022","2022","Census","Sacramento (County, 2022)"
"Census Tract","06067008130","CA","06067008130","=""06067008130""","39.80","2018-2022","2022","Census","Sacramento (County, 2022)"
"Census Tract","06067008131","CA","06067008131","=""06067008131""","31.59","2018-2022","2022","Census","Sacramento (County, 2022)"
"Census Tract","06067008132","CA","06067008132","=""06067008132""","28.43","2018-2022","2022","Census","Sacramento (County, 2022)"
"Census Tract","06067008133","CA","06067008133","=""06067008133""","35.15","2018-2022","2022","Census","Sacramento (County, 2022)"
"Census Tract","06067008134","CA","06067008134","=""06067008134""","25.18","2018-2022","2022","Census","Sacramento (County, 2022)"
"Census Tract","06067008135","CA","06067008135","=""06067008135""","17.55","2018-2022","2022","Census","Sacramento (County, 2022)"
"Census Tract","06067008136","CA","06067008136","=""06067008136""","36.11","2018-2022","2022","Census","Sacramento (County, 2022)"
"Census Tract","06067008137","CA","06067008137","=""06067008137""","30.14","2018-2022","2022","Census","Sacramento (County, 2022)"
"Census Tract","06067008138","CA","06067008138","=""06067008138""","25.06","2018-2022","2022","Census","Sacramento (County, 2022)"
"Census Tract","06067008139","CA","06067008139","=""06067008139""","18.37","2018-2022","2022","Census","Sacramento (County, 2022)"
"Census Tract","06067008140","CA","06067008140","=""06067008140""","28.77","2018-2022","2022","Census","Sacramento (County, 2022)"
"Census Tract","06067008141","CA","06067008141","=""06067008141""","26.53","2018-2022","2022","Census","Sacramento (County, 2022)"
"Census Tract","06067008142","CA","06067008142","=""06067008142""","27.85","2018-2022","2022","Census","Sacramento (County, 2022)"
"Census Tract","06067008143","CA","06067008143","=""06067008143""","29.82","2018-2022","2022","Census","Sacramento (County, 2022)"
"Census Tract","06067008144","CA","06067008144","=""06067008144""","21.04","2018-2022","2022","Census","Sacramento (County, 2022)"
"Census Tract","06067008145","CA","06067008145","=""06067008145""","19.73","2018-2022","2022","Census","Sacramento (County, 2022)"
"Census Tract","06067008203","CA","06067008203","=""06067008203""","25.41","2018-2022","2022","Census","Sacramento (County, 2022)"
"Census Tract","06067008204","CA","06067008204","=""06067008204""","27.34","2018-2022","2022","Census","Sacramento (County, 2022)"
"Census Tract","06067008206","CA","06067008206","=""06067008206""","32.00","2018-2022","2022","Census","Sacramento (County, 2022)"
"Census Tract","06067008207","CA","06067008207","=""06067008207""","14.03","2018-2022","2022","Census","Sacramento (County, 2022)"
"Census Tract","06067008208","CA","06067008208","=""06067008208""","23.72","2018-2022","2022","Census","Sacramento (County, 2022)"
"Census Tract","06067008209","CA","06067008209","=""06067008209""","16.95","2018-2022","2022","Census","Sacramento (County, 2022)"
"Census Tract","06067008210","CA","06067008210","=""06067008210""","10.07","2018-2022","2022","Census","Sacramento (County, 2022)"
"Census Tract","06067008211","CA","06067008211","=""06067008211""","23.99","2018-2022","2022","Census","Sacramento (County, 2022)"
"Census Tract","06067008402","CA","06067008402","=""06067008402""","18.68","2018-2022","2022","Census","Sacramento (County, 2022)"
"Census Tract","06067008403","CA","06067008403","=""06067008403""","10.95","2018-2022","2022","Census","Sacramento (County, 2022)"
"Census Tract","06067008404","CA","06067008404","=""06067008404""","21.97","2018-2022","2022","Census","Sacramento (County, 2022)"
"Census Tract","06067008501","CA","06067008501","=""06067008501""","11.65","2018-2022","2022","Census","Sacramento (County, 2022)"
"Census Tract","06067008504","CA","06067008504","=""06067008504""","20.92","2018-2022","2022","Census","Sacramento (County, 2022)"
"Census Tract","06067008505","CA","06067008505","=""06067008505""","7.64","2018-2022","2022","Census","Sacramento (County, 2022)"
"Census Tract","06067008506","CA","06067008506","=""06067008506""","7.04","2018-2022","2022","Census","Sacramento (County, 2022)"
"Census Tract","06067008507","CA","06067008507","=""06067008507""","12.87","2018-2022","2022","Census","Sacramento (County, 2022)"
"Census Tract","06067008508","CA","06067008508","=""06067008508""","3.61","2018-2022","2022","Census","Sacramento (County, 2022)"
"Census Tract","06067008509","CA","06067008509","=""06067008509""","2.33","2018-2022","2022","Census","Sacramento (County, 2022)"
"Census Tract","06067008510","CA","06067008510","=""06067008510""","13.18","2018-2022","2022","Census","Sacramento (County, 2022)"
"Census Tract","06067008512","CA","06067008512","=""06067008512""","7.79","2018-2022","2022","Census","Sacramento (County, 2022)"
"Census Tract","06067008513","CA","06067008513","=""06067008513""","8.64","2018-2022","2022","Census","Sacramento (County, 2022)"
"Census Tract","06067008601","CA","06067008601","=""06067008601""","8.19","2018-2022","2022","Census","Sacramento (County, 2022)"
"Census Tract","06067008602","CA","06067008602","=""06067008602""","15.72","2018-2022","2022","Census","Sacramento (County, 2022)"
"Census Tract","06067008702","CA","06067008702","=""06067008702""","4.27","2018-2022","2022","Census","Sacramento (County, 2022)"
"Census Tract","06067008703","CA","06067008703","=""06067008703""","8.85","2018-2022","2022","Census","Sacramento (County, 2022)"
"Census Tract","06067008704","CA","06067008704","=""06067008704""","12.81","2018-2022","2022","Census","Sacramento (County, 2022)"
"Census Tract","06067008706","CA","06067008706","=""06067008706""","20.56","2018-2022","2022","Census","Sacramento (County, 2022)"
"Census Tract","06067008707","CA","06067008707","=""06067008707""","14.00","2018-2022","2022","Census","Sacramento (County, 2022)"
"Census Tract","06067008708","CA","06067008708","=""06067008708""","15.98","2018-2022","2022","Census","Sacramento (County, 2022)"
"Census Tract","06067008802","CA","06067008802","=""06067008802""","14.14","2018-2022","2022","Census","Sacramento (County, 2022)"
"Census Tract","06067008803","CA","06067008803","=""06067008803""","18.89","2018-2022","2022","Census","Sacramento (County, 2022)"
"Census Tract","06067008905","CA","06067008905","=""06067008905""","24.10","2018-2022","2022","Census","Sacramento (County, 2022)"
"Census Tract","06067008907","CA","06067008907","=""06067008907""","28.26","2018-2022","2022","Census","Sacramento (County, 2022)"
"Census Tract","06067008908","CA","06067008908","=""06067008908""","24.13","2018-2022","2022","Census","Sacramento (County, 2022)"
"Census Tract","06067008909","CA","06067008909","=""06067008909""","15.52","2018-2022","2022","Census","Sacramento (County, 2022)"
"Census Tract","06067008910","CA","06067008910","=""06067008910""","29.34","2018-2022","2022","Census","Sacramento (County, 2022)"
"Census Tract","06067008911","CA","06067008911","=""06067008911""","24.92","2018-2022","2022","Census","Sacramento (County, 2022)"
"Census Tract","06067008912","CA","06067008912","=""06067008912""","21.92","2018-2022","2022","Census","Sacramento (County, 2022)"
"Census Tract","06067008913","CA","06067008913","=""06067008913""","27.11","2018-2022","2022","Census","Sacramento (County, 2022)"
"Census Tract","06067009004","CA","06067009004","=""06067009004""","25.44","2018-2022","2022","Census","Sacramento (County, 2022)"
"Census Tract","06067009005","CA","06067009005","=""06067009005""","24.73","2018-2022","2022","Census","Sacramento (County, 2022)"
"Census Tract","06067009006","CA","06067009006","=""06067009006""","28.54","2018-2022","2022","Census","Sacramento (County, 2022)"
"Census Tract","06067009007","CA","06067009007","=""06067009007""","20.05","2018-2022","2022","Census","Sacramento (County, 2022)"
"Census Tract","06067009008","CA","06067009008","=""06067009008""","23.58","2018-2022","2022","Census","Sacramento (County, 2022)"
"Census Tract","06067009010","CA","06067009010","=""06067009010""","23.24","2018-2022","2022","Census","Sacramento (County, 2022)"
"Census Tract","06067009011","CA","06067009011","=""06067009011""","15.83","2018-2022","2022","Census","Sacramento (County, 2022)"
"Census Tract","06067009103","CA","06067009103","=""06067009103""","15.47","2018-2022","2022","Census","Sacramento (County, 2022)"
"Census Tract","06067009105","CA","06067009105","=""06067009105""","20.06","2018-2022","2022","Census","Sacramento (County, 2022)"
"Census Tract","06067009106","CA","06067009106","=""06067009106""","21.39","2018-2022","2022","Census","Sacramento (County, 2022)"
"Census Tract","06067009107","CA","06067009107","=""06067009107""","27.39","2018-2022","2022","Census","Sacramento (County, 2022)"
"Census Tract","06067009108","CA","06067009108","=""06067009108""","25.86","2018-2022","2022","Census","Sacramento (County, 2022)"
"Census Tract","06067009109","CA","06067009109","=""06067009109""","17.46","2018-2022","2022","Census","Sacramento (County, 2022)"
"Census Tract","06067009110","CA","06067009110","=""06067009110""","29.39","2018-2022","2022","Census","Sacramento (County, 2022)"
"Census Tract","06067009111","CA","06067009111","=""06067009111""","27.26","2018-2022","2022","Census","Sacramento (County, 2022)"
"Census Tract","06067009112","CA","06067009112","=""06067009112""","20.97","2018-2022","2022","Census","Sacramento (County, 2022)"
"Census Tract","06067009201","CA","06067009201","=""06067009201""","24.47","2018-2022","2022","Census","Sacramento (County, 2022)"
"Census Tract","06067009307","CA","06067009307","=""06067009307""","15.37","2018-2022","2022","Census","Sacramento (County, 2022)"
"Census Tract","06067009308","CA","06067009308","=""06067009308""","24.81","2018-2022","2022","Census","Sacramento (County, 2022)"
"Census Tract","06067009309","CA","06067009309","=""06067009309""","20.38","2018-2022","2022","Census","Sacramento (County, 2022)"
"Census Tract","06067009310","CA","06067009310","=""06067009310""","24.51","2018-2022","2022","Census","Sacramento (County, 2022)"
"Census Tract","06067009311","CA","06067009311","=""06067009311""","29.93","2018-2022","2022","Census","Sacramento (County, 2022)"
"Census Tract","06067009312","CA","06067009312","=""06067009312""","23.49","2018-2022","2022","Census","Sacramento (County, 2022)"
"Census Tract","06067009314","CA","06067009314","=""06067009314""","23.91","2018-2022","2022","Census","Sacramento (County, 2022)"
"Census Tract","06067009316","CA","06067009316","=""06067009316""","21.22","2018-2022","2022","Census","Sacramento (County, 2022)"
"Census Tract","06067009317","CA","06067009317","=""06067009317""","19.05","2018-2022","2022","Census","Sacramento (County, 2022)"
"Census Tract","06067009318","CA","06067009318","=""06067009318""","31.71","2018-2022","2022","Census","Sacramento (County, 2022)"
"Census Tract","06067009319","CA","06067009319","=""06067009319""","28.82","2018-2022","2022","Census","Sacramento (County, 2022)"
"Census Tract","06067009320","CA","06067009320","=""06067009320""","30.72","2018-2022","2022","Census","Sacramento (County, 2022)"
"Census Tract","06067009321","CA","06067009321","=""06067009321""","24.08","2018-2022","2022","Census","Sacramento (County, 2022)"
"Census Tract","06067009323","CA","06067009323","=""06067009323""","16.04","2018-2022","2022","Census","Sacramento (County, 2022)"
"Census Tract","06067009326","CA","06067009326","=""06067009326""","12.77","2018-2022","2022","Census","Sacramento (County, 2022)"
"Census Tract","06067009328","CA","06067009328","=""06067009328""","16.95","2018-2022","2022","Census","Sacramento (County, 2022)"
"Census Tract","06067009329","CA","06067009329","=""06067009329""","27.59","2018-2022","2022","Census","Sacramento (County, 2022)"
"Census Tract","06067009330","CA","06067009330","=""06067009330""","19.48","2018-2022","2022","Census","Sacramento (County, 2022)"
"Census Tract","06067009331","CA","06067009331","=""06067009331""","16.81","2018-2022","2022","Census","Sacramento (County, 2022)"
"Census Tract","06067009332","CA","06067009332","=""06067009332""","28.73","2018-2022","2022","Census","Sacramento (County, 2022)"
"Census Tract","06067009333","CA","06067009333","=""06067009333""","14.90","2018-2022","2022","Census","Sacramento (County, 2022)"
"Census Tract","06067009334","CA","06067009334","=""06067009334""","12.93","2018-2022","2022","Census","Sacramento (County, 2022)"
"Census Tract","06067009335","CA","06067009335","=""06067009335""","30.10","2018-2022","2022","Census","Sacramento (County, 2022)"
"Census Tract","06067009336","CA","06067009336","=""06067009336""","25.27","2018-2022","2022","Census","Sacramento (County, 2022)"
"Census Tract","06067009403","CA","06067009403","=""06067009403""","48.71","2018-2022","2022","Census","Sacramento (County, 2022)"
"Census Tract","06067009404","CA","06067009404","=""06067009404""","21.71","2018-2022","2022","Census","Sacramento (County, 2022)"
"Census Tract","06067009406","CA","06067009406","=""06067009406""","25.68","2018-2022","2022","Census","Sacramento (County, 2022)"
"Census Tract","06067009408","CA","06067009408","=""06067009408""","29.79","2018-2022","2022","Census","Sacramento (County, 2022)"
"Census Tract","06067009409","CA","06067009409","=""06067009409""","27.16","2018-2022","2022","Census","Sacramento (County, 2022)"
"Census Tract","06067009410","CA","06067009410","=""06067009410""","33.31","2018-2022","2022","Census","Sacramento (County, 2022)"
"Census Tract","06067009501","CA","06067009501","=""06067009501""","31.20","2018-2022","2022","Census","Sacramento (County, 2022)"
"Census Tract","06067009502","CA","06067009502","=""06067009502""","27.70","2018-2022","2022","Census","Sacramento (County, 2022)"
"Census Tract","06067009503","CA","06067009503","=""06067009503""","19.77","2018-2022","2022","Census","Sacramento (County, 2022)"
"Census Tract","06067009504","CA","06067009504","=""06067009504""","31.02","2018-2022","2022","Census","Sacramento (County, 2022)"
"Census Tract","06067009601","CA","06067009601","=""06067009601""","30.72","2018-2022","2022","Census","Sacramento (County, 2022)"
"Census Tract","06067009608","CA","06067009608","=""06067009608""","18.09","2018-2022","2022","Census","Sacramento (County, 2022)"
"Census Tract","06067009609","CA","06067009609","=""06067009609""","35.55","2018-2022","2022","Census","Sacramento (County, 2022)"
"Census Tract","06067009610","CA","06067009610","=""06067009610""","25.21","2018-2022","2022","Census","Sacramento (County, 2022)"
"Census Tract","06067009611","CA","06067009611","=""06067009611""","12.75","2018-2022","2022","Census","Sacramento (County, 2022)"
"Census Tract","06067009612","CA","06067009612","=""06067009612""","17.89","2018-2022","2022","Census","Sacramento (County, 2022)"
"Census Tract","06067009614","CA","06067009614","=""06067009614""","15.62","2018-2022","2022","Census","Sacramento (County, 2022)"
"Census Tract","06067009616","CA","06067009616","=""06067009616""","11.30","2018-2022","2022","Census","Sacramento (County, 2022)"
"Census Tract","06067009617","CA","06067009617","=""06067009617""","8.89","2018-2022","2022","Census","Sacramento (County, 2022)"
"Census Tract","06067009618","CA","06067009618","=""06067009618""","18.78","2018-2022","2022","Census","Sacramento (County, 2022)"
"Census Tract","06067009622","CA","06067009622","=""06067009622""","14.35","2018-2022","2022","Census","Sacramento (County, 2022)"
"Census Tract","06067009632","CA","06067009632","=""06067009632""","15.21","2018-2022","2022","Census","Sacramento (County, 2022)"
"Census Tract","06067009633","CA","06067009633","=""06067009633""","26.41","2018-2022","2022","Census","Sacramento (County, 2022)"
"Census Tract","06067009634","CA","06067009634","=""06067009634""","33.95","2018-2022","2022","Census","Sacramento (County, 2022)"
"Census Tract","06067009635","CA","06067009635","=""06067009635""","10.81","2018-2022","2022","Census","Sacramento (County, 2022)"
"Census Tract","06067009637","CA","06067009637","=""06067009637""","17.64","2018-2022","2022","Census","Sacramento (County, 2022)"
"Census Tract","06067009639","CA","06067009639","=""06067009639""","26.66","2018-2022","2022","Census","Sacramento (County, 2022)"
"Census Tract","06067009640","CA","06067009640","=""06067009640""","32.73","2018-2022","2022","Census","Sacramento (County, 2022)"
"Census Tract","06067009641","CA","06067009641","=""06067009641""","32.10","2018-2022","2022","Census","Sacramento (County, 2022)"
"Census Tract","06067009642","CA","06067009642","=""06067009642""","0.00","2018-2022","2022","Census","Sacramento (County, 2022)"
"Census Tract","06067009643","CA","06067009643","=""06067009643""","27.58","2018-2022","2022","Census","Sacramento (County, 2022)"
"Census Tract","06067009644","CA","06067009644","=""06067009644""","18.13","2018-2022","2022","Census","Sacramento (County, 2022)"
"Census Tract","06067009645","CA","06067009645","=""06067009645""","20.35","2018-2022","2022","Census","Sacramento (County, 2022)"
"Census Tract","06067009646","CA","06067009646","=""06067009646""","24.87","2018-2022","2022","Census","Sacramento (County, 2022)"
"Census Tract","06067009647","CA","06067009647","=""06067009647""","21.28","2018-2022","2022","Census","Sacramento (County, 2022)"
"Census Tract","06067009648","CA","06067009648","=""06067009648""","16.43","2018-2022","2022","Census","Sacramento (County, 2022)"
"Census Tract","06067009649","CA","06067009649","=""06067009649""","9.67","2018-2022","2022","Census","Sacramento (County, 2022)"
"Census Tract","06067009650","CA","06067009650","=""06067009650""","14.84","2018-2022","2022","Census","Sacramento (County, 2022)"
"Census Tract","06067009651","CA","06067009651","=""06067009651""","11.82","2018-2022","2022","Census","Sacramento (County, 2022)"
"Census Tract","06067009652","CA","06067009652","=""06067009652""","17.39","2018-2022","2022","Census","Sacramento (County, 2022)"
"Census Tract","06067009653","CA","06067009653","=""06067009653""","21.00","2018-2022","2022","Census","Sacramento (County, 2022)"
"Census Tract","06067009800","CA","06067009800","=""06067009800""","23.70","2018-2022","2022","Census","Sacramento (County, 2022)"
"Census Tract","06067009900","CA","06067009900","=""06067009900""","24.66","2018-2022","2022","Census","Sacramento (County, 2022)"
"Census Tract","06067988300","CA","06067988300","=""06067988300""","32.16","2018-2022","2022","Census","Sacramento (County, 2022)"
