"GeoID_Description","GeoID_Name","SitsinState","GeoID","GeoID_Formatted","p_crd_mhlth","TimeFrame","GeoVintage","Source","Location"
"Census Tract","06067000100","CA","06067000100","=""06067000100""","12.5","2021","2010","CDC_PLACES","Sacramento (County, 2022)"
"Census Tract","06067000200","CA","06067000200","=""06067000200""","13.1","2021","2010","CDC_PLACES","Sacramento (County, 2022)"
"Census Tract","06067000300","CA","06067000300","=""06067000300""","12.3","2021","2010","CDC_PLACES","Sacramento (County, 2022)"
"Census Tract","06067000400","CA","06067000400","=""06067000400""","16.4","2021","2010","CDC_PLACES","Sacramento (County, 2022)"
"Census Tract","06067000500","CA","06067000500","=""06067000500""","18.5","2021","2010","CDC_PLACES","Sacramento (County, 2022)"
"Census Tract","06067000600","CA","06067000600","=""06067000600""","19.1","2021","2010","CDC_PLACES","Sacramento (County, 2022)"
"Census Tract","06067000700","CA","06067000700","=""06067000700""","23.7","2021","2010","CDC_PLACES","Sacramento (County, 2022)"
"Census Tract","06067000800","CA","06067000800","=""06067000800""","13.6","2021","2010","CDC_PLACES","Sacramento (County, 2022)"
"Census Tract","06067001101","CA","06067001101","=""06067001101""","17.5","2021","2010","CDC_PLACES","Sacramento (County, 2022)"
"Census Tract","06067001200","CA","06067001200","=""06067001200""","15.8","2021","2010","CDC_PLACES","Sacramento (County, 2022)"
"Census Tract","06067001300","CA","06067001300","=""06067001300""","16.8","2021","2010","CDC_PLACES","Sacramento (County, 2022)"
"Census Tract","06067001400","CA","06067001400","=""06067001400""","16.3","2021","2010","CDC_PLACES","Sacramento (County, 2022)"
"Census Tract","06067001500","CA","06067001500","=""06067001500""","12.8","2021","2010","CDC_PLACES","Sacramento (County, 2022)"
"Census Tract","06067001600","CA","06067001600","=""06067001600""","13.9","2021","2010","CDC_PLACES","Sacramento (County, 2022)"
"Census Tract","06067001700","CA","06067001700","=""06067001700""","17.1","2021","2010","CDC_PLACES","Sacramento (County, 2022)"
"Census Tract","06067001800","CA","06067001800","=""06067001800""","16.4","2021","2010","CDC_PLACES","Sacramento (County, 2022)"
"Census Tract","06067001900","CA","06067001900","=""06067001900""","17.2","2021","2010","CDC_PLACES","Sacramento (County, 2022)"
"Census Tract","06067002000","CA","06067002000","=""06067002000""","16.1","2021","2010","CDC_PLACES","Sacramento (County, 2022)"
"Census Tract","06067002100","CA","06067002100","=""06067002100""","16.2","2021","2010","CDC_PLACES","Sacramento (County, 2022)"
"Census Tract","06067002200","CA","06067002200","=""06067002200""","19.0","2021","2010","CDC_PLACES","Sacramento (County, 2022)"
"Census Tract","06067002300","CA","06067002300","=""06067002300""","12.4","2021","2010","CDC_PLACES","Sacramento (County, 2022)"
"Census Tract","06067002400","CA","06067002400","=""06067002400""","11.6","2021","2010","CDC_PLACES","Sacramento (County, 2022)"
"Census Tract","06067002500","CA","06067002500","=""06067002500""","11.7","2021","2010","CDC_PLACES","Sacramento (County, 2022)"
"Census Tract","06067002600","CA","06067002600","=""06067002600""","13.7","2021","2010","CDC_PLACES","Sacramento (County, 2022)"
"Census Tract","06067002700","CA","06067002700","=""06067002700""","19.4","2021","2010","CDC_PLACES","Sacramento (County, 2022)"
"Census Tract","06067002800","CA","06067002800","=""06067002800""","21.4","2021","2010","CDC_PLACES","Sacramento (County, 2022)"
"Census Tract","06067002900","CA","06067002900","=""06067002900""","15.9","2021","2010","CDC_PLACES","Sacramento (County, 2022)"
"Census Tract","06067003000","CA","06067003000","=""06067003000""","18.2","2021","2010","CDC_PLACES","Sacramento (County, 2022)"
"Census Tract","06067003101","CA","06067003101","=""06067003101""","19.0","2021","2010","CDC_PLACES","Sacramento (County, 2022)"
"Census Tract","06067003102","CA","06067003102","=""06067003102""","17.4","2021","2010","CDC_PLACES","Sacramento (County, 2022)"
"Census Tract","06067003202","CA","06067003202","=""06067003202""","18.2","2021","2010","CDC_PLACES","Sacramento (County, 2022)"
"Census Tract","06067003203","CA","06067003203","=""06067003203""","19.5","2021","2010","CDC_PLACES","Sacramento (County, 2022)"
"Census Tract","06067003204","CA","06067003204","=""06067003204""","20.4","2021","2010","CDC_PLACES","Sacramento (County, 2022)"
"Census Tract","06067003300","CA","06067003300","=""06067003300""","11.9","2021","2010","CDC_PLACES","Sacramento (County, 2022)"
"Census Tract","06067003400","CA","06067003400","=""06067003400""","13.4","2021","2010","CDC_PLACES","Sacramento (County, 2022)"
"Census Tract","06067003501","CA","06067003501","=""06067003501""","16.5","2021","2010","CDC_PLACES","Sacramento (County, 2022)"
"Census Tract","06067003502","CA","06067003502","=""06067003502""","13.9","2021","2010","CDC_PLACES","Sacramento (County, 2022)"
"Census Tract","06067003600","CA","06067003600","=""06067003600""","18.8","2021","2010","CDC_PLACES","Sacramento (County, 2022)"
"Census Tract","06067003700","CA","06067003700","=""06067003700""","21.0","2021","2010","CDC_PLACES","Sacramento (County, 2022)"
"Census Tract","06067003800","CA","06067003800","=""06067003800""","16.9","2021","2010","CDC_PLACES","Sacramento (County, 2022)"
"Census Tract","06067003900","CA","06067003900","=""06067003900""","12.7","2021","2010","CDC_PLACES","Sacramento (County, 2022)"
"Census Tract","06067004001","CA","06067004001","=""06067004001""","13.3","2021","2010","CDC_PLACES","Sacramento (County, 2022)"
"Census Tract","06067004004","CA","06067004004","=""06067004004""","11.9","2021","2010","CDC_PLACES","Sacramento (County, 2022)"
"Census Tract","06067004005","CA","06067004005","=""06067004005""","12.4","2021","2010","CDC_PLACES","Sacramento (County, 2022)"
"Census Tract","06067004006","CA","06067004006","=""06067004006""","14.2","2021","2010","CDC_PLACES","Sacramento (County, 2022)"
"Census Tract","06067004008","CA","06067004008","=""06067004008""","12.9","2021","2010","CDC_PLACES","Sacramento (County, 2022)"
"Census Tract","06067004009","CA","06067004009","=""06067004009""","13.8","2021","2010","CDC_PLACES","Sacramento (County, 2022)"
"Census Tract","06067004010","CA","06067004010","=""06067004010""","14.9","2021","2010","CDC_PLACES","Sacramento (County, 2022)"
"Census Tract","06067004011","CA","06067004011","=""06067004011""","11.6","2021","2010","CDC_PLACES","Sacramento (County, 2022)"
"Census Tract","06067004100","CA","06067004100","=""06067004100""","17.1","2021","2010","CDC_PLACES","Sacramento (County, 2022)"
"Census Tract","06067004201","CA","06067004201","=""06067004201""","17.8","2021","2010","CDC_PLACES","Sacramento (County, 2022)"
"Census Tract","06067004202","CA","06067004202","=""06067004202""","17.8","2021","2010","CDC_PLACES","Sacramento (County, 2022)"
"Census Tract","06067004203","CA","06067004203","=""06067004203""","20.7","2021","2010","CDC_PLACES","Sacramento (County, 2022)"
"Census Tract","06067004300","CA","06067004300","=""06067004300""","20.1","2021","2010","CDC_PLACES","Sacramento (County, 2022)"
"Census Tract","06067004401","CA","06067004401","=""06067004401""","20.1","2021","2010","CDC_PLACES","Sacramento (County, 2022)"
"Census Tract","06067004402","CA","06067004402","=""06067004402""","22.4","2021","2010","CDC_PLACES","Sacramento (County, 2022)"
"Census Tract","06067004501","CA","06067004501","=""06067004501""","22.3","2021","2010","CDC_PLACES","Sacramento (County, 2022)"
"Census Tract","06067004502","CA","06067004502","=""06067004502""","21.3","2021","2010","CDC_PLACES","Sacramento (County, 2022)"
"Census Tract","06067004601","CA","06067004601","=""06067004601""","21.4","2021","2010","CDC_PLACES","Sacramento (County, 2022)"
"Census Tract","06067004602","CA","06067004602","=""06067004602""","23.2","2021","2010","CDC_PLACES","Sacramento (County, 2022)"
"Census Tract","06067004701","CA","06067004701","=""06067004701""","21.0","2021","2010","CDC_PLACES","Sacramento (County, 2022)"
"Census Tract","06067004702","CA","06067004702","=""06067004702""","21.2","2021","2010","CDC_PLACES","Sacramento (County, 2022)"
"Census Tract","06067004801","CA","06067004801","=""06067004801""","17.2","2021","2010","CDC_PLACES","Sacramento (County, 2022)"
"Census Tract","06067004802","CA","06067004802","=""06067004802""","19.9","2021","2010","CDC_PLACES","Sacramento (County, 2022)"
"Census Tract","06067004903","CA","06067004903","=""06067004903""","19.9","2021","2010","CDC_PLACES","Sacramento (County, 2022)"
"Census Tract","06067004904","CA","06067004904","=""06067004904""","17.5","2021","2010","CDC_PLACES","Sacramento (County, 2022)"
"Census Tract","06067004905","CA","06067004905","=""06067004905""","18.3","2021","2010","CDC_PLACES","Sacramento (County, 2022)"
"Census Tract","06067004906","CA","06067004906","=""06067004906""","18.6","2021","2010","CDC_PLACES","Sacramento (County, 2022)"
"Census Tract","06067005001","CA","06067005001","=""06067005001""","18.8","2021","2010","CDC_PLACES","Sacramento (County, 2022)"
"Census Tract","06067005002","CA","06067005002","=""06067005002""","20.9","2021","2010","CDC_PLACES","Sacramento (County, 2022)"
"Census Tract","06067005101","CA","06067005101","=""06067005101""","20.3","2021","2010","CDC_PLACES","Sacramento (County, 2022)"
"Census Tract","06067005102","CA","06067005102","=""06067005102""","16.8","2021","2010","CDC_PLACES","Sacramento (County, 2022)"
"Census Tract","06067005201","CA","06067005201","=""06067005201""","28.2","2021","2010","CDC_PLACES","Sacramento (County, 2022)"
"Census Tract","06067005202","CA","06067005202","=""06067005202""","16.8","2021","2010","CDC_PLACES","Sacramento (County, 2022)"
"Census Tract","06067005204","CA","06067005204","=""06067005204""","14.0","2021","2010","CDC_PLACES","Sacramento (County, 2022)"
"Census Tract","06067005205","CA","06067005205","=""06067005205""","20.7","2021","2010","CDC_PLACES","Sacramento (County, 2022)"
"Census Tract","06067005301","CA","06067005301","=""06067005301""","21.8","2021","2010","CDC_PLACES","Sacramento (County, 2022)"
"Census Tract","06067005402","CA","06067005402","=""06067005402""","19.3","2021","2010","CDC_PLACES","Sacramento (County, 2022)"
"Census Tract","06067005403","CA","06067005403","=""06067005403""","14.1","2021","2010","CDC_PLACES","Sacramento (County, 2022)"
"Census Tract","06067005404","CA","06067005404","=""06067005404""","12.8","2021","2010","CDC_PLACES","Sacramento (County, 2022)"
"Census Tract","06067005502","CA","06067005502","=""06067005502""","21.1","2021","2010","CDC_PLACES","Sacramento (County, 2022)"
"Census Tract","06067005505","CA","06067005505","=""06067005505""","20.7","2021","2010","CDC_PLACES","Sacramento (County, 2022)"
"Census Tract","06067005506","CA","06067005506","=""06067005506""","23.4","2021","2010","CDC_PLACES","Sacramento (County, 2022)"
"Census Tract","06067005508","CA","06067005508","=""06067005508""","19.1","2021","2010","CDC_PLACES","Sacramento (County, 2022)"
"Census Tract","06067005509","CA","06067005509","=""06067005509""","22.8","2021","2010","CDC_PLACES","Sacramento (County, 2022)"
"Census Tract","06067005510","CA","06067005510","=""06067005510""","21.4","2021","2010","CDC_PLACES","Sacramento (County, 2022)"
"Census Tract","06067005601","CA","06067005601","=""06067005601""","17.1","2021","2010","CDC_PLACES","Sacramento (County, 2022)"
"Census Tract","06067005605","CA","06067005605","=""06067005605""","19.9","2021","2010","CDC_PLACES","Sacramento (County, 2022)"
"Census Tract","06067005606","CA","06067005606","=""06067005606""","15.4","2021","2010","CDC_PLACES","Sacramento (County, 2022)"
"Census Tract","06067005701","CA","06067005701","=""06067005701""","13.3","2021","2010","CDC_PLACES","Sacramento (County, 2022)"
"Census Tract","06067005702","CA","06067005702","=""06067005702""","11.9","2021","2010","CDC_PLACES","Sacramento (County, 2022)"
"Census Tract","06067005801","CA","06067005801","=""06067005801""","14.2","2021","2010","CDC_PLACES","Sacramento (County, 2022)"
"Census Tract","06067005803","CA","06067005803","=""06067005803""","10.4","2021","2010","CDC_PLACES","Sacramento (County, 2022)"
"Census Tract","06067005804","CA","06067005804","=""06067005804""","10.8","2021","2010","CDC_PLACES","Sacramento (County, 2022)"
"Census Tract","06067005901","CA","06067005901","=""06067005901""","13.2","2021","2010","CDC_PLACES","Sacramento (County, 2022)"
"Census Tract","06067005903","CA","06067005903","=""06067005903""","20.2","2021","2010","CDC_PLACES","Sacramento (County, 2022)"
"Census Tract","06067005904","CA","06067005904","=""06067005904""","15.8","2021","2010","CDC_PLACES","Sacramento (County, 2022)"
"Census Tract","06067006002","CA","06067006002","=""06067006002""","17.7","2021","2010","CDC_PLACES","Sacramento (County, 2022)"
"Census Tract","06067006003","CA","06067006003","=""06067006003""","20.5","2021","2010","CDC_PLACES","Sacramento (County, 2022)"
"Census Tract","06067006004","CA","06067006004","=""06067006004""","13.5","2021","2010","CDC_PLACES","Sacramento (County, 2022)"
"Census Tract","06067006101","CA","06067006101","=""06067006101""","19.4","2021","2010","CDC_PLACES","Sacramento (County, 2022)"
"Census Tract","06067006102","CA","06067006102","=""06067006102""","19.0","2021","2010","CDC_PLACES","Sacramento (County, 2022)"
"Census Tract","06067006201","CA","06067006201","=""06067006201""","22.1","2021","2010","CDC_PLACES","Sacramento (County, 2022)"
"Census Tract","06067006202","CA","06067006202","=""06067006202""","20.9","2021","2010","CDC_PLACES","Sacramento (County, 2022)"
"Census Tract","06067006300","CA","06067006300","=""06067006300""","21.1","2021","2010","CDC_PLACES","Sacramento (County, 2022)"
"Census Tract","06067006400","CA","06067006400","=""06067006400""","20.6","2021","2010","CDC_PLACES","Sacramento (County, 2022)"
"Census Tract","06067006500","CA","06067006500","=""06067006500""","21.2","2021","2010","CDC_PLACES","Sacramento (County, 2022)"
"Census Tract","06067006600","CA","06067006600","=""06067006600""","20.8","2021","2010","CDC_PLACES","Sacramento (County, 2022)"
"Census Tract","06067006701","CA","06067006701","=""06067006701""","19.7","2021","2010","CDC_PLACES","Sacramento (County, 2022)"
"Census Tract","06067006702","CA","06067006702","=""06067006702""","21.1","2021","2010","CDC_PLACES","Sacramento (County, 2022)"
"Census Tract","06067006800","CA","06067006800","=""06067006800""","22.1","2021","2010","CDC_PLACES","Sacramento (County, 2022)"
"Census Tract","06067006900","CA","06067006900","=""06067006900""","19.3","2021","2010","CDC_PLACES","Sacramento (County, 2022)"
"Census Tract","06067007001","CA","06067007001","=""06067007001""","19.7","2021","2010","CDC_PLACES","Sacramento (County, 2022)"
"Census Tract","06067007004","CA","06067007004","=""06067007004""","20.7","2021","2010","CDC_PLACES","Sacramento (County, 2022)"
"Census Tract","06067007007","CA","06067007007","=""06067007007""","18.1","2021","2010","CDC_PLACES","Sacramento (County, 2022)"
"Census Tract","06067007010","CA","06067007010","=""06067007010""","16.9","2021","2010","CDC_PLACES","Sacramento (County, 2022)"
"Census Tract","06067007011","CA","06067007011","=""06067007011""","17.9","2021","2010","CDC_PLACES","Sacramento (County, 2022)"
"Census Tract","06067007012","CA","06067007012","=""06067007012""","17.4","2021","2010","CDC_PLACES","Sacramento (County, 2022)"
"Census Tract","06067007013","CA","06067007013","=""06067007013""","17.4","2021","2010","CDC_PLACES","Sacramento (County, 2022)"
"Census Tract","06067007014","CA","06067007014","=""06067007014""","18.9","2021","2010","CDC_PLACES","Sacramento (County, 2022)"
"Census Tract","06067007015","CA","06067007015","=""06067007015""","15.8","2021","2010","CDC_PLACES","Sacramento (County, 2022)"
"Census Tract","06067007016","CA","06067007016","=""06067007016""","17.1","2021","2010","CDC_PLACES","Sacramento (County, 2022)"
"Census Tract","06067007017","CA","06067007017","=""06067007017""","16.2","2021","2010","CDC_PLACES","Sacramento (County, 2022)"
"Census Tract","06067007018","CA","06067007018","=""06067007018""","16.1","2021","2010","CDC_PLACES","Sacramento (County, 2022)"
"Census Tract","06067007019","CA","06067007019","=""06067007019""","25.0","2021","2010","CDC_PLACES","Sacramento (County, 2022)"
"Census Tract","06067007020","CA","06067007020","=""06067007020""","15.2","2021","2010","CDC_PLACES","Sacramento (County, 2022)"
"Census Tract","06067007101","CA","06067007101","=""06067007101""","13.3","2021","2010","CDC_PLACES","Sacramento (County, 2022)"
"Census Tract","06067007102","CA","06067007102","=""06067007102""","12.8","2021","2010","CDC_PLACES","Sacramento (County, 2022)"
"Census Tract","06067007103","CA","06067007103","=""06067007103""","15.1","2021","2010","CDC_PLACES","Sacramento (County, 2022)"
"Census Tract","06067007104","CA","06067007104","=""06067007104""","14.2","2021","2010","CDC_PLACES","Sacramento (County, 2022)"
"Census Tract","06067007105","CA","06067007105","=""06067007105""","16.8","2021","2010","CDC_PLACES","Sacramento (County, 2022)"
"Census Tract","06067007106","CA","06067007106","=""06067007106""","14.7","2021","2010","CDC_PLACES","Sacramento (County, 2022)"
"Census Tract","06067007107","CA","06067007107","=""06067007107""","13.6","2021","2010","CDC_PLACES","Sacramento (County, 2022)"
"Census Tract","06067007202","CA","06067007202","=""06067007202""","19.0","2021","2010","CDC_PLACES","Sacramento (County, 2022)"
"Census Tract","06067007204","CA","06067007204","=""06067007204""","18.1","2021","2010","CDC_PLACES","Sacramento (County, 2022)"
"Census Tract","06067007206","CA","06067007206","=""06067007206""","17.4","2021","2010","CDC_PLACES","Sacramento (County, 2022)"
"Census Tract","06067007207","CA","06067007207","=""06067007207""","19.2","2021","2010","CDC_PLACES","Sacramento (County, 2022)"
"Census Tract","06067007208","CA","06067007208","=""06067007208""","17.7","2021","2010","CDC_PLACES","Sacramento (County, 2022)"
"Census Tract","06067007209","CA","06067007209","=""06067007209""","17.6","2021","2010","CDC_PLACES","Sacramento (County, 2022)"
"Census Tract","06067007301","CA","06067007301","=""06067007301""","23.1","2021","2010","CDC_PLACES","Sacramento (County, 2022)"
"Census Tract","06067007402","CA","06067007402","=""06067007402""","18.9","2021","2010","CDC_PLACES","Sacramento (County, 2022)"
"Census Tract","06067007403","CA","06067007403","=""06067007403""","19.4","2021","2010","CDC_PLACES","Sacramento (County, 2022)"
"Census Tract","06067007406","CA","06067007406","=""06067007406""","20.3","2021","2010","CDC_PLACES","Sacramento (County, 2022)"
"Census Tract","06067007413","CA","06067007413","=""06067007413""","21.7","2021","2010","CDC_PLACES","Sacramento (County, 2022)"
"Census Tract","06067007414","CA","06067007414","=""06067007414""","20.0","2021","2010","CDC_PLACES","Sacramento (County, 2022)"
"Census Tract","06067007415","CA","06067007415","=""06067007415""","17.1","2021","2010","CDC_PLACES","Sacramento (County, 2022)"
"Census Tract","06067007416","CA","06067007416","=""06067007416""","19.2","2021","2010","CDC_PLACES","Sacramento (County, 2022)"
"Census Tract","06067007417","CA","06067007417","=""06067007417""","17.2","2021","2010","CDC_PLACES","Sacramento (County, 2022)"
"Census Tract","06067007421","CA","06067007421","=""06067007421""","15.8","2021","2010","CDC_PLACES","Sacramento (County, 2022)"
"Census Tract","06067007422","CA","06067007422","=""06067007422""","20.4","2021","2010","CDC_PLACES","Sacramento (County, 2022)"
"Census Tract","06067007423","CA","06067007423","=""06067007423""","25.0","2021","2010","CDC_PLACES","Sacramento (County, 2022)"
"Census Tract","06067007424","CA","06067007424","=""06067007424""","21.6","2021","2010","CDC_PLACES","Sacramento (County, 2022)"
"Census Tract","06067007426","CA","06067007426","=""06067007426""","19.9","2021","2010","CDC_PLACES","Sacramento (County, 2022)"
"Census Tract","06067007427","CA","06067007427","=""06067007427""","17.8","2021","2010","CDC_PLACES","Sacramento (County, 2022)"
"Census Tract","06067007428","CA","06067007428","=""06067007428""","18.1","2021","2010","CDC_PLACES","Sacramento (County, 2022)"
"Census Tract","06067007429","CA","06067007429","=""06067007429""","20.6","2021","2010","CDC_PLACES","Sacramento (County, 2022)"
"Census Tract","06067007430","CA","06067007430","=""06067007430""","17.7","2021","2010","CDC_PLACES","Sacramento (County, 2022)"
"Census Tract","06067007431","CA","06067007431","=""06067007431""","16.3","2021","2010","CDC_PLACES","Sacramento (County, 2022)"
"Census Tract","06067007432","CA","06067007432","=""06067007432""","18.0","2021","2010","CDC_PLACES","Sacramento (County, 2022)"
"Census Tract","06067007433","CA","06067007433","=""06067007433""","17.5","2021","2010","CDC_PLACES","Sacramento (County, 2022)"
"Census Tract","06067007501","CA","06067007501","=""06067007501""","20.0","2021","2010","CDC_PLACES","Sacramento (County, 2022)"
"Census Tract","06067007503","CA","06067007503","=""06067007503""","20.5","2021","2010","CDC_PLACES","Sacramento (County, 2022)"
"Census Tract","06067007504","CA","06067007504","=""06067007504""","16.6","2021","2010","CDC_PLACES","Sacramento (County, 2022)"
"Census Tract","06067007601","CA","06067007601","=""06067007601""","16.2","2021","2010","CDC_PLACES","Sacramento (County, 2022)"
"Census Tract","06067007602","CA","06067007602","=""06067007602""","16.6","2021","2010","CDC_PLACES","Sacramento (County, 2022)"
"Census Tract","06067007701","CA","06067007701","=""06067007701""","19.4","2021","2010","CDC_PLACES","Sacramento (County, 2022)"
"Census Tract","06067007702","CA","06067007702","=""06067007702""","12.5","2021","2010","CDC_PLACES","Sacramento (County, 2022)"
"Census Tract","06067007801","CA","06067007801","=""06067007801""","16.6","2021","2010","CDC_PLACES","Sacramento (County, 2022)"
"Census Tract","06067007802","CA","06067007802","=""06067007802""","14.0","2021","2010","CDC_PLACES","Sacramento (County, 2022)"
"Census Tract","06067007903","CA","06067007903","=""06067007903""","14.8","2021","2010","CDC_PLACES","Sacramento (County, 2022)"
"Census Tract","06067007904","CA","06067007904","=""06067007904""","16.0","2021","2010","CDC_PLACES","Sacramento (County, 2022)"
"Census Tract","06067007905","CA","06067007905","=""06067007905""","14.0","2021","2010","CDC_PLACES","Sacramento (County, 2022)"
"Census Tract","06067007906","CA","06067007906","=""06067007906""","15.6","2021","2010","CDC_PLACES","Sacramento (County, 2022)"
"Census Tract","06067008005","CA","06067008005","=""06067008005""","13.5","2021","2010","CDC_PLACES","Sacramento (County, 2022)"
"Census Tract","06067008006","CA","06067008006","=""06067008006""","13.5","2021","2010","CDC_PLACES","Sacramento (County, 2022)"
"Census Tract","06067008007","CA","06067008007","=""06067008007""","15.1","2021","2010","CDC_PLACES","Sacramento (County, 2022)"
"Census Tract","06067008008","CA","06067008008","=""06067008008""","14.2","2021","2010","CDC_PLACES","Sacramento (County, 2022)"
"Census Tract","06067008009","CA","06067008009","=""06067008009""","15.0","2021","2010","CDC_PLACES","Sacramento (County, 2022)"
"Census Tract","06067008010","CA","06067008010","=""06067008010""","14.6","2021","2010","CDC_PLACES","Sacramento (County, 2022)"
"Census Tract","06067008111","CA","06067008111","=""06067008111""","16.8","2021","2010","CDC_PLACES","Sacramento (County, 2022)"
"Census Tract","06067008113","CA","06067008113","=""06067008113""","18.6","2021","2010","CDC_PLACES","Sacramento (County, 2022)"
"Census Tract","06067008117","CA","06067008117","=""06067008117""","16.9","2021","2010","CDC_PLACES","Sacramento (County, 2022)"
"Census Tract","06067008119","CA","06067008119","=""06067008119""","17.8","2021","2010","CDC_PLACES","Sacramento (County, 2022)"
"Census Tract","06067008120","CA","06067008120","=""06067008120""","18.4","2021","2010","CDC_PLACES","Sacramento (County, 2022)"
"Census Tract","06067008122","CA","06067008122","=""06067008122""","15.1","2021","2010","CDC_PLACES","Sacramento (County, 2022)"
"Census Tract","06067008124","CA","06067008124","=""06067008124""","15.2","2021","2010","CDC_PLACES","Sacramento (County, 2022)"
"Census Tract","06067008125","CA","06067008125","=""06067008125""","15.5","2021","2010","CDC_PLACES","Sacramento (County, 2022)"
"Census Tract","06067008127","CA","06067008127","=""06067008127""","17.8","2021","2010","CDC_PLACES","Sacramento (County, 2022)"
"Census Tract","06067008128","CA","06067008128","=""06067008128""","17.2","2021","2010","CDC_PLACES","Sacramento (County, 2022)"
"Census Tract","06067008129","CA","06067008129","=""06067008129""","17.3","2021","2010","CDC_PLACES","Sacramento (County, 2022)"
"Census Tract","06067008130","CA","06067008130","=""06067008130""","17.2","2021","2010","CDC_PLACES","Sacramento (County, 2022)"
"Census Tract","06067008131","CA","06067008131","=""06067008131""","17.7","2021","2010","CDC_PLACES","Sacramento (County, 2022)"
"Census Tract","06067008132","CA","06067008132","=""06067008132""","15.7","2021","2010","CDC_PLACES","Sacramento (County, 2022)"
"Census Tract","06067008133","CA","06067008133","=""06067008133""","18.1","2021","2010","CDC_PLACES","Sacramento (County, 2022)"
"Census Tract","06067008134","CA","06067008134","=""06067008134""","17.9","2021","2010","CDC_PLACES","Sacramento (County, 2022)"
"Census Tract","06067008135","CA","06067008135","=""06067008135""","16.6","2021","2010","CDC_PLACES","Sacramento (County, 2022)"
"Census Tract","06067008136","CA","06067008136","=""06067008136""","16.9","2021","2010","CDC_PLACES","Sacramento (County, 2022)"
"Census Tract","06067008137","CA","06067008137","=""06067008137""","16.9","2021","2010","CDC_PLACES","Sacramento (County, 2022)"
"Census Tract","06067008138","CA","06067008138","=""06067008138""","15.3","2021","2010","CDC_PLACES","Sacramento (County, 2022)"
"Census Tract","06067008139","CA","06067008139","=""06067008139""","21.0","2021","2010","CDC_PLACES","Sacramento (County, 2022)"
"Census Tract","06067008140","CA","06067008140","=""06067008140""","17.0","2021","2010","CDC_PLACES","Sacramento (County, 2022)"
"Census Tract","06067008141","CA","06067008141","=""06067008141""","21.9","2021","2010","CDC_PLACES","Sacramento (County, 2022)"
"Census Tract","06067008142","CA","06067008142","=""06067008142""","19.7","2021","2010","CDC_PLACES","Sacramento (County, 2022)"
"Census Tract","06067008143","CA","06067008143","=""06067008143""","18.2","2021","2010","CDC_PLACES","Sacramento (County, 2022)"
"Census Tract","06067008144","CA","06067008144","=""06067008144""","15.4","2021","2010","CDC_PLACES","Sacramento (County, 2022)"
"Census Tract","06067008145","CA","06067008145","=""06067008145""","16.1","2021","2010","CDC_PLACES","Sacramento (County, 2022)"
"Census Tract","06067008203","CA","06067008203","=""06067008203""","15.6","2021","2010","CDC_PLACES","Sacramento (County, 2022)"
"Census Tract","06067008204","CA","06067008204","=""06067008204""","15.3","2021","2010","CDC_PLACES","Sacramento (County, 2022)"
"Census Tract","06067008206","CA","06067008206","=""06067008206""","15.8","2021","2010","CDC_PLACES","Sacramento (County, 2022)"
"Census Tract","06067008207","CA","06067008207","=""06067008207""","14.6","2021","2010","CDC_PLACES","Sacramento (County, 2022)"
"Census Tract","06067008208","CA","06067008208","=""06067008208""","18.5","2021","2010","CDC_PLACES","Sacramento (County, 2022)"
"Census Tract","06067008209","CA","06067008209","=""06067008209""","14.1","2021","2010","CDC_PLACES","Sacramento (County, 2022)"
"Census Tract","06067008210","CA","06067008210","=""06067008210""","12.9","2021","2010","CDC_PLACES","Sacramento (County, 2022)"
"Census Tract","06067008211","CA","06067008211","=""06067008211""","14.5","2021","2010","CDC_PLACES","Sacramento (County, 2022)"
"Census Tract","06067008402","CA","06067008402","=""06067008402""","15.1","2021","2010","CDC_PLACES","Sacramento (County, 2022)"
"Census Tract","06067008403","CA","06067008403","=""06067008403""","15.6","2021","2010","CDC_PLACES","Sacramento (County, 2022)"
"Census Tract","06067008404","CA","06067008404","=""06067008404""","17.9","2021","2010","CDC_PLACES","Sacramento (County, 2022)"
"Census Tract","06067008501","CA","06067008501","=""06067008501""","12.9","2021","2010","CDC_PLACES","Sacramento (County, 2022)"
"Census Tract","06067008504","CA","06067008504","=""06067008504""","13.9","2021","2010","CDC_PLACES","Sacramento (County, 2022)"
"Census Tract","06067008505","CA","06067008505","=""06067008505""","12.2","2021","2010","CDC_PLACES","Sacramento (County, 2022)"
"Census Tract","06067008506","CA","06067008506","=""06067008506""","13.5","2021","2010","CDC_PLACES","Sacramento (County, 2022)"
"Census Tract","06067008507","CA","06067008507","=""06067008507""","14.4","2021","2010","CDC_PLACES","Sacramento (County, 2022)"
"Census Tract","06067008508","CA","06067008508","=""06067008508""","12.9","2021","2010","CDC_PLACES","Sacramento (County, 2022)"
"Census Tract","06067008509","CA","06067008509","=""06067008509""","12.2","2021","2010","CDC_PLACES","Sacramento (County, 2022)"
"Census Tract","06067008510","CA","06067008510","=""06067008510""","13.0","2021","2010","CDC_PLACES","Sacramento (County, 2022)"
"Census Tract","06067008512","CA","06067008512","=""06067008512""","12.0","2021","2010","CDC_PLACES","Sacramento (County, 2022)"
"Census Tract","06067008513","CA","06067008513","=""06067008513""","13.1","2021","2010","CDC_PLACES","Sacramento (County, 2022)"
"Census Tract","06067008600","CA","06067008600","=""06067008600""","12.7","2021","2010","CDC_PLACES","Sacramento (County, 2022)"
"Census Tract","06067008702","CA","06067008702","=""06067008702""","10.5","2021","2010","CDC_PLACES","Sacramento (County, 2022)"
"Census Tract","06067008703","CA","06067008703","=""06067008703""","11.6","2021","2010","CDC_PLACES","Sacramento (County, 2022)"
"Census Tract","06067008704","CA","06067008704","=""06067008704""","14.6","2021","2010","CDC_PLACES","Sacramento (County, 2022)"
"Census Tract","06067008705","CA","06067008705","=""06067008705""","14.7","2021","2010","CDC_PLACES","Sacramento (County, 2022)"
"Census Tract","06067008801","CA","06067008801","=""06067008801""","16.2","2021","2010","CDC_PLACES","Sacramento (County, 2022)"
"Census Tract","06067008905","CA","06067008905","=""06067008905""","15.9","2021","2010","CDC_PLACES","Sacramento (County, 2022)"
"Census Tract","06067008907","CA","06067008907","=""06067008907""","18.8","2021","2010","CDC_PLACES","Sacramento (County, 2022)"
"Census Tract","06067008908","CA","06067008908","=""06067008908""","17.3","2021","2010","CDC_PLACES","Sacramento (County, 2022)"
"Census Tract","06067008909","CA","06067008909","=""06067008909""","16.7","2021","2010","CDC_PLACES","Sacramento (County, 2022)"
"Census Tract","06067008910","CA","06067008910","=""06067008910""","17.1","2021","2010","CDC_PLACES","Sacramento (County, 2022)"
"Census Tract","06067008911","CA","06067008911","=""06067008911""","21.0","2021","2010","CDC_PLACES","Sacramento (County, 2022)"
"Census Tract","06067008912","CA","06067008912","=""06067008912""","15.2","2021","2010","CDC_PLACES","Sacramento (County, 2022)"
"Census Tract","06067008913","CA","06067008913","=""06067008913""","17.6","2021","2010","CDC_PLACES","Sacramento (County, 2022)"
"Census Tract","06067009004","CA","06067009004","=""06067009004""","17.9","2021","2010","CDC_PLACES","Sacramento (County, 2022)"
"Census Tract","06067009005","CA","06067009005","=""06067009005""","18.9","2021","2010","CDC_PLACES","Sacramento (County, 2022)"
"Census Tract","06067009006","CA","06067009006","=""06067009006""","20.3","2021","2010","CDC_PLACES","Sacramento (County, 2022)"
"Census Tract","06067009007","CA","06067009007","=""06067009007""","20.4","2021","2010","CDC_PLACES","Sacramento (County, 2022)"
"Census Tract","06067009008","CA","06067009008","=""06067009008""","20.7","2021","2010","CDC_PLACES","Sacramento (County, 2022)"
"Census Tract","06067009010","CA","06067009010","=""06067009010""","19.3","2021","2010","CDC_PLACES","Sacramento (County, 2022)"
"Census Tract","06067009011","CA","06067009011","=""06067009011""","14.3","2021","2010","CDC_PLACES","Sacramento (County, 2022)"
"Census Tract","06067009103","CA","06067009103","=""06067009103""","16.9","2021","2010","CDC_PLACES","Sacramento (County, 2022)"
"Census Tract","06067009105","CA","06067009105","=""06067009105""","20.6","2021","2010","CDC_PLACES","Sacramento (County, 2022)"
"Census Tract","06067009106","CA","06067009106","=""06067009106""","16.6","2021","2010","CDC_PLACES","Sacramento (County, 2022)"
"Census Tract","06067009107","CA","06067009107","=""06067009107""","16.0","2021","2010","CDC_PLACES","Sacramento (County, 2022)"
"Census Tract","06067009108","CA","06067009108","=""06067009108""","14.7","2021","2010","CDC_PLACES","Sacramento (County, 2022)"
"Census Tract","06067009109","CA","06067009109","=""06067009109""","16.0","2021","2010","CDC_PLACES","Sacramento (County, 2022)"
"Census Tract","06067009110","CA","06067009110","=""06067009110""","24.7","2021","2010","CDC_PLACES","Sacramento (County, 2022)"
"Census Tract","06067009111","CA","06067009111","=""06067009111""","17.7","2021","2010","CDC_PLACES","Sacramento (County, 2022)"
"Census Tract","06067009112","CA","06067009112","=""06067009112""","18.2","2021","2010","CDC_PLACES","Sacramento (County, 2022)"
"Census Tract","06067009201","CA","06067009201","=""06067009201""","15.7","2021","2010","CDC_PLACES","Sacramento (County, 2022)"
"Census Tract","06067009307","CA","06067009307","=""06067009307""","15.5","2021","2010","CDC_PLACES","Sacramento (County, 2022)"
"Census Tract","06067009308","CA","06067009308","=""06067009308""","15.7","2021","2010","CDC_PLACES","Sacramento (County, 2022)"
"Census Tract","06067009309","CA","06067009309","=""06067009309""","14.6","2021","2010","CDC_PLACES","Sacramento (County, 2022)"
"Census Tract","06067009310","CA","06067009310","=""06067009310""","16.7","2021","2010","CDC_PLACES","Sacramento (County, 2022)"
"Census Tract","06067009311","CA","06067009311","=""06067009311""","17.0","2021","2010","CDC_PLACES","Sacramento (County, 2022)"
"Census Tract","06067009312","CA","06067009312","=""06067009312""","16.2","2021","2010","CDC_PLACES","Sacramento (County, 2022)"
"Census Tract","06067009314","CA","06067009314","=""06067009314""","18.0","2021","2010","CDC_PLACES","Sacramento (County, 2022)"
"Census Tract","06067009316","CA","06067009316","=""06067009316""","17.9","2021","2010","CDC_PLACES","Sacramento (County, 2022)"
"Census Tract","06067009317","CA","06067009317","=""06067009317""","16.3","2021","2010","CDC_PLACES","Sacramento (County, 2022)"
"Census Tract","06067009318","CA","06067009318","=""06067009318""","17.5","2021","2010","CDC_PLACES","Sacramento (County, 2022)"
"Census Tract","06067009319","CA","06067009319","=""06067009319""","17.2","2021","2010","CDC_PLACES","Sacramento (County, 2022)"
"Census Tract","06067009320","CA","06067009320","=""06067009320""","17.8","2021","2010","CDC_PLACES","Sacramento (County, 2022)"
"Census Tract","06067009321","CA","06067009321","=""06067009321""","16.2","2021","2010","CDC_PLACES","Sacramento (County, 2022)"
"Census Tract","06067009322","CA","06067009322","=""06067009322""","15.3","2021","2010","CDC_PLACES","Sacramento (County, 2022)"
"Census Tract","06067009323","CA","06067009323","=""06067009323""","14.7","2021","2010","CDC_PLACES","Sacramento (County, 2022)"
"Census Tract","06067009324","CA","06067009324","=""06067009324""","13.4","2021","2010","CDC_PLACES","Sacramento (County, 2022)"
"Census Tract","06067009325","CA","06067009325","=""06067009325""","12.1","2021","2010","CDC_PLACES","Sacramento (County, 2022)"
"Census Tract","06067009326","CA","06067009326","=""06067009326""","13.8","2021","2010","CDC_PLACES","Sacramento (County, 2022)"
"Census Tract","06067009328","CA","06067009328","=""06067009328""","14.7","2021","2010","CDC_PLACES","Sacramento (County, 2022)"
"Census Tract","06067009329","CA","06067009329","=""06067009329""","18.3","2021","2010","CDC_PLACES","Sacramento (County, 2022)"
"Census Tract","06067009330","CA","06067009330","=""06067009330""","14.4","2021","2010","CDC_PLACES","Sacramento (County, 2022)"
"Census Tract","06067009331","CA","06067009331","=""06067009331""","14.1","2021","2010","CDC_PLACES","Sacramento (County, 2022)"
"Census Tract","06067009332","CA","06067009332","=""06067009332""","15.0","2021","2010","CDC_PLACES","Sacramento (County, 2022)"
"Census Tract","06067009403","CA","06067009403","=""06067009403""","17.0","2021","2010","CDC_PLACES","Sacramento (County, 2022)"
"Census Tract","06067009404","CA","06067009404","=""06067009404""","15.2","2021","2010","CDC_PLACES","Sacramento (County, 2022)"
"Census Tract","06067009406","CA","06067009406","=""06067009406""","15.8","2021","2010","CDC_PLACES","Sacramento (County, 2022)"
"Census Tract","06067009407","CA","06067009407","=""06067009407""","16.4","2021","2010","CDC_PLACES","Sacramento (County, 2022)"
"Census Tract","06067009408","CA","06067009408","=""06067009408""","16.5","2021","2010","CDC_PLACES","Sacramento (County, 2022)"
"Census Tract","06067009501","CA","06067009501","=""06067009501""","18.0","2021","2010","CDC_PLACES","Sacramento (County, 2022)"
"Census Tract","06067009502","CA","06067009502","=""06067009502""","17.3","2021","2010","CDC_PLACES","Sacramento (County, 2022)"
"Census Tract","06067009503","CA","06067009503","=""06067009503""","18.9","2021","2010","CDC_PLACES","Sacramento (County, 2022)"
"Census Tract","06067009504","CA","06067009504","=""06067009504""","17.1","2021","2010","CDC_PLACES","Sacramento (County, 2022)"
"Census Tract","06067009601","CA","06067009601","=""06067009601""","18.3","2021","2010","CDC_PLACES","Sacramento (County, 2022)"
"Census Tract","06067009606","CA","06067009606","=""06067009606""","19.2","2021","2010","CDC_PLACES","Sacramento (County, 2022)"
"Census Tract","06067009608","CA","06067009608","=""06067009608""","17.8","2021","2010","CDC_PLACES","Sacramento (County, 2022)"
"Census Tract","06067009609","CA","06067009609","=""06067009609""","15.9","2021","2010","CDC_PLACES","Sacramento (County, 2022)"
"Census Tract","06067009610","CA","06067009610","=""06067009610""","18.9","2021","2010","CDC_PLACES","Sacramento (County, 2022)"
"Census Tract","06067009611","CA","06067009611","=""06067009611""","17.4","2021","2010","CDC_PLACES","Sacramento (County, 2022)"
"Census Tract","06067009612","CA","06067009612","=""06067009612""","15.8","2021","2010","CDC_PLACES","Sacramento (County, 2022)"
"Census Tract","06067009614","CA","06067009614","=""06067009614""","15.3","2021","2010","CDC_PLACES","Sacramento (County, 2022)"
"Census Tract","06067009615","CA","06067009615","=""06067009615""","14.8","2021","2010","CDC_PLACES","Sacramento (County, 2022)"
"Census Tract","06067009616","CA","06067009616","=""06067009616""","15.7","2021","2010","CDC_PLACES","Sacramento (County, 2022)"
"Census Tract","06067009617","CA","06067009617","=""06067009617""","13.0","2021","2010","CDC_PLACES","Sacramento (County, 2022)"
"Census Tract","06067009618","CA","06067009618","=""06067009618""","15.5","2021","2010","CDC_PLACES","Sacramento (County, 2022)"
"Census Tract","06067009619","CA","06067009619","=""06067009619""","14.9","2021","2010","CDC_PLACES","Sacramento (County, 2022)"
"Census Tract","06067009622","CA","06067009622","=""06067009622""","13.3","2021","2010","CDC_PLACES","Sacramento (County, 2022)"
"Census Tract","06067009630","CA","06067009630","=""06067009630""","14.9","2021","2010","CDC_PLACES","Sacramento (County, 2022)"
"Census Tract","06067009632","CA","06067009632","=""06067009632""","13.8","2021","2010","CDC_PLACES","Sacramento (County, 2022)"
"Census Tract","06067009633","CA","06067009633","=""06067009633""","20.0","2021","2010","CDC_PLACES","Sacramento (County, 2022)"
"Census Tract","06067009634","CA","06067009634","=""06067009634""","20.9","2021","2010","CDC_PLACES","Sacramento (County, 2022)"
"Census Tract","06067009635","CA","06067009635","=""06067009635""","13.8","2021","2010","CDC_PLACES","Sacramento (County, 2022)"
"Census Tract","06067009636","CA","06067009636","=""06067009636""","14.3","2021","2010","CDC_PLACES","Sacramento (County, 2022)"
"Census Tract","06067009637","CA","06067009637","=""06067009637""","14.2","2021","2010","CDC_PLACES","Sacramento (County, 2022)"
"Census Tract","06067009638","CA","06067009638","=""06067009638""","14.1","2021","2010","CDC_PLACES","Sacramento (County, 2022)"
"Census Tract","06067009639","CA","06067009639","=""06067009639""","16.2","2021","2010","CDC_PLACES","Sacramento (County, 2022)"
"Census Tract","06067009800","CA","06067009800","=""06067009800""","16.1","2021","2010","CDC_PLACES","Sacramento (County, 2022)"
"Census Tract","06067009900","CA","06067009900","=""06067009900""","17.2","2021","2010","CDC_PLACES","Sacramento (County, 2022)"
"Census Tract","06067988300","CA","06067988300","=""06067988300""","15.7","2021","2010","CDC_PLACES","Sacramento (County, 2022)"
