"GeoID_Description","GeoID_Name","SitsinState","GeoID","GeoID_Formatted","pprofessional","TimeFrame","GeoVintage","Source","Location"
"Census Tract","06067000100","CA","06067000100","=""06067000100""","6.88","2018-2022","2022","Census","Sacramento (County, 2022)"
"Census Tract","06067000200","CA","06067000200","=""06067000200""","7.53","2018-2022","2022","Census","Sacramento (County, 2022)"
"Census Tract","06067000300","CA","06067000300","=""06067000300""","11.38","2018-2022","2022","Census","Sacramento (County, 2022)"
"Census Tract","06067000400","CA","06067000400","=""06067000400""","5.38","2018-2022","2022","Census","Sacramento (County, 2022)"
"Census Tract","06067000501","CA","06067000501","=""06067000501""","4.29","2018-2022","2022","Census","Sacramento (County, 2022)"
"Census Tract","06067000502","CA","06067000502","=""06067000502""","8.16","2018-2022","2022","Census","Sacramento (County, 2022)"
"Census Tract","06067000600","CA","06067000600","=""06067000600""","7.75","2018-2022","2022","Census","Sacramento (County, 2022)"
"Census Tract","06067000700","CA","06067000700","=""06067000700""","0.68","2018-2022","2022","Census","Sacramento (County, 2022)"
"Census Tract","06067000800","CA","06067000800","=""06067000800""","2.06","2018-2022","2022","Census","Sacramento (County, 2022)"
"Census Tract","06067001102","CA","06067001102","=""06067001102""","12.98","2018-2022","2022","Census","Sacramento (County, 2022)"
"Census Tract","06067001103","CA","06067001103","=""06067001103""","6.03","2018-2022","2022","Census","Sacramento (County, 2022)"
"Census Tract","06067001201","CA","06067001201","=""06067001201""","10.12","2018-2022","2022","Census","Sacramento (County, 2022)"
"Census Tract","06067001202","CA","06067001202","=""06067001202""","6.20","2018-2022","2022","Census","Sacramento (County, 2022)"
"Census Tract","06067001300","CA","06067001300","=""06067001300""","5.85","2018-2022","2022","Census","Sacramento (County, 2022)"
"Census Tract","06067001400","CA","06067001400","=""06067001400""","5.95","2018-2022","2022","Census","Sacramento (County, 2022)"
"Census Tract","06067001500","CA","06067001500","=""06067001500""","13.64","2018-2022","2022","Census","Sacramento (County, 2022)"
"Census Tract","06067001601","CA","06067001601","=""06067001601""","9.61","2018-2022","2022","Census","Sacramento (County, 2022)"
"Census Tract","06067001602","CA","06067001602","=""06067001602""","16.77","2018-2022","2022","Census","Sacramento (County, 2022)"
"Census Tract","06067001701","CA","06067001701","=""06067001701""","3.32","2018-2022","2022","Census","Sacramento (County, 2022)"
"Census Tract","06067001702","CA","06067001702","=""06067001702""","5.21","2018-2022","2022","Census","Sacramento (County, 2022)"
"Census Tract","06067001800","CA","06067001800","=""06067001800""","8.32","2018-2022","2022","Census","Sacramento (County, 2022)"
"Census Tract","06067001900","CA","06067001900","=""06067001900""","4.43","2018-2022","2022","Census","Sacramento (County, 2022)"
"Census Tract","06067002000","CA","06067002000","=""06067002000""","3.30","2018-2022","2022","Census","Sacramento (County, 2022)"
"Census Tract","06067002100","CA","06067002100","=""06067002100""","5.70","2018-2022","2022","Census","Sacramento (County, 2022)"
"Census Tract","06067002200","CA","06067002200","=""06067002200""","7.14","2018-2022","2022","Census","Sacramento (County, 2022)"
"Census Tract","06067002300","CA","06067002300","=""06067002300""","6.60","2018-2022","2022","Census","Sacramento (County, 2022)"
"Census Tract","06067002400","CA","06067002400","=""06067002400""","8.57","2018-2022","2022","Census","Sacramento (County, 2022)"
"Census Tract","06067002500","CA","06067002500","=""06067002500""","20.58","2018-2022","2022","Census","Sacramento (County, 2022)"
"Census Tract","06067002600","CA","06067002600","=""06067002600""","11.54","2018-2022","2022","Census","Sacramento (County, 2022)"
"Census Tract","06067002700","CA","06067002700","=""06067002700""","1.14","2018-2022","2022","Census","Sacramento (County, 2022)"
"Census Tract","06067002800","CA","06067002800","=""06067002800""","3.07","2018-2022","2022","Census","Sacramento (County, 2022)"
"Census Tract","06067002900","CA","06067002900","=""06067002900""","1.73","2018-2022","2022","Census","Sacramento (County, 2022)"
"Census Tract","06067003001","CA","06067003001","=""06067003001""","1.05","2018-2022","2022","Census","Sacramento (County, 2022)"
"Census Tract","06067003002","CA","06067003002","=""06067003002""","9.37","2018-2022","2022","Census","Sacramento (County, 2022)"
"Census Tract","06067003101","CA","06067003101","=""06067003101""","1.28","2018-2022","2022","Census","Sacramento (County, 2022)"
"Census Tract","06067003102","CA","06067003102","=""06067003102""","0.46","2018-2022","2022","Census","Sacramento (County, 2022)"
"Census Tract","06067003202","CA","06067003202","=""06067003202""","2.06","2018-2022","2022","Census","Sacramento (County, 2022)"
"Census Tract","06067003203","CA","06067003203","=""06067003203""","0.72","2018-2022","2022","Census","Sacramento (County, 2022)"
"Census Tract","06067003204","CA","06067003204","=""06067003204""","0.00","2018-2022","2022","Census","Sacramento (County, 2022)"
"Census Tract","06067003300","CA","06067003300","=""06067003300""","6.23","2018-2022","2022","Census","Sacramento (County, 2022)"
"Census Tract","06067003400","CA","06067003400","=""06067003400""","6.86","2018-2022","2022","Census","Sacramento (County, 2022)"
"Census Tract","06067003501","CA","06067003501","=""06067003501""","2.90","2018-2022","2022","Census","Sacramento (County, 2022)"
"Census Tract","06067003502","CA","06067003502","=""06067003502""","1.19","2018-2022","2022","Census","Sacramento (County, 2022)"
"Census Tract","06067003600","CA","06067003600","=""06067003600""","0.73","2018-2022","2022","Census","Sacramento (County, 2022)"
"Census Tract","06067003700","CA","06067003700","=""06067003700""","0.22","2018-2022","2022","Census","Sacramento (County, 2022)"
"Census Tract","06067003800","CA","06067003800","=""06067003800""","1.75","2018-2022","2022","Census","Sacramento (County, 2022)"
"Census Tract","06067003900","CA","06067003900","=""06067003900""","4.90","2018-2022","2022","Census","Sacramento (County, 2022)"
"Census Tract","06067004005","CA","06067004005","=""06067004005""","2.71","2018-2022","2022","Census","Sacramento (County, 2022)"
"Census Tract","06067004006","CA","06067004006","=""06067004006""","2.37","2018-2022","2022","Census","Sacramento (County, 2022)"
"Census Tract","06067004008","CA","06067004008","=""06067004008""","5.60","2018-2022","2022","Census","Sacramento (County, 2022)"
"Census Tract","06067004011","CA","06067004011","=""06067004011""","9.50","2018-2022","2022","Census","Sacramento (County, 2022)"
"Census Tract","06067004012","CA","06067004012","=""06067004012""","8.06","2018-2022","2022","Census","Sacramento (County, 2022)"
"Census Tract","06067004013","CA","06067004013","=""06067004013""","2.41","2018-2022","2022","Census","Sacramento (County, 2022)"
"Census Tract","06067004014","CA","06067004014","=""06067004014""","2.19","2018-2022","2022","Census","Sacramento (County, 2022)"
"Census Tract","06067004015","CA","06067004015","=""06067004015""","5.35","2018-2022","2022","Census","Sacramento (County, 2022)"
"Census Tract","06067004016","CA","06067004016","=""06067004016""","5.12","2018-2022","2022","Census","Sacramento (County, 2022)"
"Census Tract","06067004017","CA","06067004017","=""06067004017""","5.98","2018-2022","2022","Census","Sacramento (County, 2022)"
"Census Tract","06067004018","CA","06067004018","=""06067004018""","22.28","2018-2022","2022","Census","Sacramento (County, 2022)"
"Census Tract","06067004019","CA","06067004019","=""06067004019""","5.03","2018-2022","2022","Census","Sacramento (County, 2022)"
"Census Tract","06067004020","CA","06067004020","=""06067004020""","2.28","2018-2022","2022","Census","Sacramento (County, 2022)"
"Census Tract","06067004100","CA","06067004100","=""06067004100""","1.55","2018-2022","2022","Census","Sacramento (County, 2022)"
"Census Tract","06067004201","CA","06067004201","=""06067004201""","1.11","2018-2022","2022","Census","Sacramento (County, 2022)"
"Census Tract","06067004202","CA","06067004202","=""06067004202""","0.40","2018-2022","2022","Census","Sacramento (County, 2022)"
"Census Tract","06067004203","CA","06067004203","=""06067004203""","0.00","2018-2022","2022","Census","Sacramento (County, 2022)"
"Census Tract","06067004301","CA","06067004301","=""06067004301""","0.00","2018-2022","2022","Census","Sacramento (County, 2022)"
"Census Tract","06067004302","CA","06067004302","=""06067004302""","2.54","2018-2022","2022","Census","Sacramento (County, 2022)"
"Census Tract","06067004401","CA","06067004401","=""06067004401""","0.21","2018-2022","2022","Census","Sacramento (County, 2022)"
"Census Tract","06067004402","CA","06067004402","=""06067004402""","0.64","2018-2022","2022","Census","Sacramento (County, 2022)"
"Census Tract","06067004501","CA","06067004501","=""06067004501""","0.00","2018-2022","2022","Census","Sacramento (County, 2022)"
"Census Tract","06067004502","CA","06067004502","=""06067004502""","1.81","2018-2022","2022","Census","Sacramento (County, 2022)"
"Census Tract","06067004602","CA","06067004602","=""06067004602""","0.73","2018-2022","2022","Census","Sacramento (County, 2022)"
"Census Tract","06067004603","CA","06067004603","=""06067004603""","1.63","2018-2022","2022","Census","Sacramento (County, 2022)"
"Census Tract","06067004604","CA","06067004604","=""06067004604""","0.00","2018-2022","2022","Census","Sacramento (County, 2022)"
"Census Tract","06067004701","CA","06067004701","=""06067004701""","0.79","2018-2022","2022","Census","Sacramento (County, 2022)"
"Census Tract","06067004702","CA","06067004702","=""06067004702""","0.00","2018-2022","2022","Census","Sacramento (County, 2022)"
"Census Tract","06067004801","CA","06067004801","=""06067004801""","0.79","2018-2022","2022","Census","Sacramento (County, 2022)"
"Census Tract","06067004802","CA","06067004802","=""06067004802""","0.00","2018-2022","2022","Census","Sacramento (County, 2022)"
"Census Tract","06067004904","CA","06067004904","=""06067004904""","1.84","2018-2022","2022","Census","Sacramento (County, 2022)"
"Census Tract","06067004906","CA","06067004906","=""06067004906""","0.74","2018-2022","2022","Census","Sacramento (County, 2022)"
"Census Tract","06067004907","CA","06067004907","=""06067004907""","0.77","2018-2022","2022","Census","Sacramento (County, 2022)"
"Census Tract","06067004908","CA","06067004908","=""06067004908""","0.00","2018-2022","2022","Census","Sacramento (County, 2022)"
"Census Tract","06067004909","CA","06067004909","=""06067004909""","0.66","2018-2022","2022","Census","Sacramento (County, 2022)"
"Census Tract","06067004910","CA","06067004910","=""06067004910""","0.00","2018-2022","2022","Census","Sacramento (County, 2022)"
"Census Tract","06067005002","CA","06067005002","=""06067005002""","0.22","2018-2022","2022","Census","Sacramento (County, 2022)"
"Census Tract","06067005003","CA","06067005003","=""06067005003""","0.00","2018-2022","2022","Census","Sacramento (County, 2022)"
"Census Tract","06067005004","CA","06067005004","=""06067005004""","0.00","2018-2022","2022","Census","Sacramento (County, 2022)"
"Census Tract","06067005101","CA","06067005101","=""06067005101""","1.14","2018-2022","2022","Census","Sacramento (County, 2022)"
"Census Tract","06067005102","CA","06067005102","=""06067005102""","0.07","2018-2022","2022","Census","Sacramento (County, 2022)"
"Census Tract","06067005201","CA","06067005201","=""06067005201""","0.00","2018-2022","2022","Census","Sacramento (County, 2022)"
"Census Tract","06067005202","CA","06067005202","=""06067005202""","4.73","2018-2022","2022","Census","Sacramento (County, 2022)"
"Census Tract","06067005204","CA","06067005204","=""06067005204""","4.83","2018-2022","2022","Census","Sacramento (County, 2022)"
"Census Tract","06067005205","CA","06067005205","=""06067005205""","2.72","2018-2022","2022","Census","Sacramento (County, 2022)"
"Census Tract","06067005301","CA","06067005301","=""06067005301""","10.11","2018-2022","2022","Census","Sacramento (County, 2022)"
"Census Tract","06067005402","CA","06067005402","=""06067005402""","1.44","2018-2022","2022","Census","Sacramento (County, 2022)"
"Census Tract","06067005403","CA","06067005403","=""06067005403""","3.80","2018-2022","2022","Census","Sacramento (County, 2022)"
"Census Tract","06067005404","CA","06067005404","=""06067005404""","17.40","2018-2022","2022","Census","Sacramento (County, 2022)"
"Census Tract","06067005502","CA","06067005502","=""06067005502""","0.98","2018-2022","2022","Census","Sacramento (County, 2022)"
"Census Tract","06067005505","CA","06067005505","=""06067005505""","0.60","2018-2022","2022","Census","Sacramento (County, 2022)"
"Census Tract","06067005506","CA","06067005506","=""06067005506""","0.78","2018-2022","2022","Census","Sacramento (County, 2022)"
"Census Tract","06067005508","CA","06067005508","=""06067005508""","1.91","2018-2022","2022","Census","Sacramento (County, 2022)"
"Census Tract","06067005509","CA","06067005509","=""06067005509""","0.70","2018-2022","2022","Census","Sacramento (County, 2022)"
"Census Tract","06067005510","CA","06067005510","=""06067005510""","1.57","2018-2022","2022","Census","Sacramento (County, 2022)"
"Census Tract","06067005601","CA","06067005601","=""06067005601""","2.15","2018-2022","2022","Census","Sacramento (County, 2022)"
"Census Tract","06067005605","CA","06067005605","=""06067005605""","1.34","2018-2022","2022","Census","Sacramento (County, 2022)"
"Census Tract","06067005606","CA","06067005606","=""06067005606""","5.38","2018-2022","2022","Census","Sacramento (County, 2022)"
"Census Tract","06067005701","CA","06067005701","=""06067005701""","14.50","2018-2022","2022","Census","Sacramento (County, 2022)"
"Census Tract","06067005702","CA","06067005702","=""06067005702""","11.55","2018-2022","2022","Census","Sacramento (County, 2022)"
"Census Tract","06067005801","CA","06067005801","=""06067005801""","3.71","2018-2022","2022","Census","Sacramento (County, 2022)"
"Census Tract","06067005803","CA","06067005803","=""06067005803""","14.10","2018-2022","2022","Census","Sacramento (County, 2022)"
"Census Tract","06067005804","CA","06067005804","=""06067005804""","17.01","2018-2022","2022","Census","Sacramento (County, 2022)"
"Census Tract","06067005901","CA","06067005901","=""06067005901""","4.05","2018-2022","2022","Census","Sacramento (County, 2022)"
"Census Tract","06067005903","CA","06067005903","=""06067005903""","1.40","2018-2022","2022","Census","Sacramento (County, 2022)"
"Census Tract","06067005904","CA","06067005904","=""06067005904""","7.94","2018-2022","2022","Census","Sacramento (County, 2022)"
"Census Tract","06067006002","CA","06067006002","=""06067006002""","0.37","2018-2022","2022","Census","Sacramento (County, 2022)"
"Census Tract","06067006003","CA","06067006003","=""06067006003""","2.90","2018-2022","2022","Census","Sacramento (County, 2022)"
"Census Tract","06067006004","CA","06067006004","=""06067006004""","3.18","2018-2022","2022","Census","Sacramento (County, 2022)"
"Census Tract","06067006101","CA","06067006101","=""06067006101""","0.81","2018-2022","2022","Census","Sacramento (County, 2022)"
"Census Tract","06067006102","CA","06067006102","=""06067006102""","9.87","2018-2022","2022","Census","Sacramento (County, 2022)"
"Census Tract","06067006202","CA","06067006202","=""06067006202""","0.27","2018-2022","2022","Census","Sacramento (County, 2022)"
"Census Tract","06067006203","CA","06067006203","=""06067006203""","0.46","2018-2022","2022","Census","Sacramento (County, 2022)"
"Census Tract","06067006204","CA","06067006204","=""06067006204""","4.33","2018-2022","2022","Census","Sacramento (County, 2022)"
"Census Tract","06067006300","CA","06067006300","=""06067006300""","0.71","2018-2022","2022","Census","Sacramento (County, 2022)"
"Census Tract","06067006400","CA","06067006400","=""06067006400""","1.09","2018-2022","2022","Census","Sacramento (County, 2022)"
"Census Tract","06067006501","CA","06067006501","=""06067006501""","0.00","2018-2022","2022","Census","Sacramento (County, 2022)"
"Census Tract","06067006502","CA","06067006502","=""06067006502""","0.94","2018-2022","2022","Census","Sacramento (County, 2022)"
"Census Tract","06067006600","CA","06067006600","=""06067006600""","0.22","2018-2022","2022","Census","Sacramento (County, 2022)"
"Census Tract","06067006703","CA","06067006703","=""06067006703""","0.00","2018-2022","2022","Census","Sacramento (County, 2022)"
"Census Tract","06067006704","CA","06067006704","=""06067006704""","0.00","2018-2022","2022","Census","Sacramento (County, 2022)"
"Census Tract","06067006705","CA","06067006705","=""06067006705""","0.00","2018-2022","2022","Census","Sacramento (County, 2022)"
"Census Tract","06067006706","CA","06067006706","=""06067006706""","0.00","2018-2022","2022","Census","Sacramento (County, 2022)"
"Census Tract","06067006801","CA","06067006801","=""06067006801""","0.00","2018-2022","2022","Census","Sacramento (County, 2022)"
"Census Tract","06067006802","CA","06067006802","=""06067006802""","0.00","2018-2022","2022","Census","Sacramento (County, 2022)"
"Census Tract","06067006803","CA","06067006803","=""06067006803""","0.00","2018-2022","2022","Census","Sacramento (County, 2022)"
"Census Tract","06067006901","CA","06067006901","=""06067006901""","1.54","2018-2022","2022","Census","Sacramento (County, 2022)"
"Census Tract","06067006902","CA","06067006902","=""06067006902""","3.66","2018-2022","2022","Census","Sacramento (County, 2022)"
"Census Tract","06067007001","CA","06067007001","=""06067007001""","0.30","2018-2022","2022","Census","Sacramento (County, 2022)"
"Census Tract","06067007007","CA","06067007007","=""06067007007""","0.76","2018-2022","2022","Census","Sacramento (County, 2022)"
"Census Tract","06067007010","CA","06067007010","=""06067007010""","4.64","2018-2022","2022","Census","Sacramento (County, 2022)"
"Census Tract","06067007011","CA","06067007011","=""06067007011""","2.39","2018-2022","2022","Census","Sacramento (County, 2022)"
"Census Tract","06067007012","CA","06067007012","=""06067007012""","1.70","2018-2022","2022","Census","Sacramento (County, 2022)"
"Census Tract","06067007013","CA","06067007013","=""06067007013""","0.10","2018-2022","2022","Census","Sacramento (County, 2022)"
"Census Tract","06067007016","CA","06067007016","=""06067007016""","0.44","2018-2022","2022","Census","Sacramento (County, 2022)"
"Census Tract","06067007017","CA","06067007017","=""06067007017""","4.62","2018-2022","2022","Census","Sacramento (County, 2022)"
"Census Tract","06067007019","CA","06067007019","=""06067007019""","0.84","2018-2022","2022","Census","Sacramento (County, 2022)"
"Census Tract","06067007020","CA","06067007020","=""06067007020""","3.16","2018-2022","2022","Census","Sacramento (County, 2022)"
"Census Tract","06067007021","CA","06067007021","=""06067007021""","0.00","2018-2022","2022","Census","Sacramento (County, 2022)"
"Census Tract","06067007022","CA","06067007022","=""06067007022""","2.83","2018-2022","2022","Census","Sacramento (County, 2022)"
"Census Tract","06067007023","CA","06067007023","=""06067007023""","1.24","2018-2022","2022","Census","Sacramento (County, 2022)"
"Census Tract","06067007024","CA","06067007024","=""06067007024""","0.00","2018-2022","2022","Census","Sacramento (County, 2022)"
"Census Tract","06067007025","CA","06067007025","=""06067007025""","5.34","2018-2022","2022","Census","Sacramento (County, 2022)"
"Census Tract","06067007026","CA","06067007026","=""06067007026""","0.00","2018-2022","2022","Census","Sacramento (County, 2022)"
"Census Tract","06067007027","CA","06067007027","=""06067007027""","3.03","2018-2022","2022","Census","Sacramento (County, 2022)"
"Census Tract","06067007028","CA","06067007028","=""06067007028""","2.66","2018-2022","2022","Census","Sacramento (County, 2022)"
"Census Tract","06067007101","CA","06067007101","=""06067007101""","0.00","2018-2022","2022","Census","Sacramento (County, 2022)"
"Census Tract","06067007103","CA","06067007103","=""06067007103""","1.81","2018-2022","2022","Census","Sacramento (County, 2022)"
"Census Tract","06067007105","CA","06067007105","=""06067007105""","2.72","2018-2022","2022","Census","Sacramento (County, 2022)"
"Census Tract","06067007106","CA","06067007106","=""06067007106""","3.08","2018-2022","2022","Census","Sacramento (County, 2022)"
"Census Tract","06067007107","CA","06067007107","=""06067007107""","2.97","2018-2022","2022","Census","Sacramento (County, 2022)"
"Census Tract","06067007108","CA","06067007108","=""06067007108""","3.32","2018-2022","2022","Census","Sacramento (County, 2022)"
"Census Tract","06067007109","CA","06067007109","=""06067007109""","1.11","2018-2022","2022","Census","Sacramento (County, 2022)"
"Census Tract","06067007110","CA","06067007110","=""06067007110""","3.86","2018-2022","2022","Census","Sacramento (County, 2022)"
"Census Tract","06067007111","CA","06067007111","=""06067007111""","1.81","2018-2022","2022","Census","Sacramento (County, 2022)"
"Census Tract","06067007202","CA","06067007202","=""06067007202""","0.43","2018-2022","2022","Census","Sacramento (County, 2022)"
"Census Tract","06067007204","CA","06067007204","=""06067007204""","0.50","2018-2022","2022","Census","Sacramento (County, 2022)"
"Census Tract","06067007206","CA","06067007206","=""06067007206""","0.00","2018-2022","2022","Census","Sacramento (County, 2022)"
"Census Tract","06067007207","CA","06067007207","=""06067007207""","0.06","2018-2022","2022","Census","Sacramento (County, 2022)"
"Census Tract","06067007208","CA","06067007208","=""06067007208""","1.05","2018-2022","2022","Census","Sacramento (County, 2022)"
"Census Tract","06067007209","CA","06067007209","=""06067007209""","0.63","2018-2022","2022","Census","Sacramento (County, 2022)"
"Census Tract","06067007301","CA","06067007301","=""06067007301""","0.00","2018-2022","2022","Census","Sacramento (County, 2022)"
"Census Tract","06067007402","CA","06067007402","=""06067007402""","0.32","2018-2022","2022","Census","Sacramento (County, 2022)"
"Census Tract","06067007403","CA","06067007403","=""06067007403""","1.78","2018-2022","2022","Census","Sacramento (County, 2022)"
"Census Tract","06067007413","CA","06067007413","=""06067007413""","0.00","2018-2022","2022","Census","Sacramento (County, 2022)"
"Census Tract","06067007414","CA","06067007414","=""06067007414""","0.26","2018-2022","2022","Census","Sacramento (County, 2022)"
"Census Tract","06067007415","CA","06067007415","=""06067007415""","0.53","2018-2022","2022","Census","Sacramento (County, 2022)"
"Census Tract","06067007416","CA","06067007416","=""06067007416""","0.49","2018-2022","2022","Census","Sacramento (County, 2022)"
"Census Tract","06067007417","CA","06067007417","=""06067007417""","0.47","2018-2022","2022","Census","Sacramento (County, 2022)"
"Census Tract","06067007422","CA","06067007422","=""06067007422""","0.34","2018-2022","2022","Census","Sacramento (County, 2022)"
"Census Tract","06067007423","CA","06067007423","=""06067007423""","0.00","2018-2022","2022","Census","Sacramento (County, 2022)"
"Census Tract","06067007424","CA","06067007424","=""06067007424""","0.00","2018-2022","2022","Census","Sacramento (County, 2022)"
"Census Tract","06067007426","CA","06067007426","=""06067007426""","1.06","2018-2022","2022","Census","Sacramento (County, 2022)"
"Census Tract","06067007427","CA","06067007427","=""06067007427""","2.16","2018-2022","2022","Census","Sacramento (County, 2022)"
"Census Tract","06067007428","CA","06067007428","=""06067007428""","1.02","2018-2022","2022","Census","Sacramento (County, 2022)"
"Census Tract","06067007429","CA","06067007429","=""06067007429""","0.32","2018-2022","2022","Census","Sacramento (County, 2022)"
"Census Tract","06067007430","CA","06067007430","=""06067007430""","0.76","2018-2022","2022","Census","Sacramento (County, 2022)"
"Census Tract","06067007431","CA","06067007431","=""06067007431""","1.29","2018-2022","2022","Census","Sacramento (County, 2022)"
"Census Tract","06067007432","CA","06067007432","=""06067007432""","0.16","2018-2022","2022","Census","Sacramento (County, 2022)"
"Census Tract","06067007434","CA","06067007434","=""06067007434""","0.00","2018-2022","2022","Census","Sacramento (County, 2022)"
"Census Tract","06067007435","CA","06067007435","=""06067007435""","0.00","2018-2022","2022","Census","Sacramento (County, 2022)"
"Census Tract","06067007436","CA","06067007436","=""06067007436""","4.01","2018-2022","2022","Census","Sacramento (County, 2022)"
"Census Tract","06067007437","CA","06067007437","=""06067007437""","0.70","2018-2022","2022","Census","Sacramento (County, 2022)"
"Census Tract","06067007438","CA","06067007438","=""06067007438""","2.24","2018-2022","2022","Census","Sacramento (County, 2022)"
"Census Tract","06067007439","CA","06067007439","=""06067007439""","2.89","2018-2022","2022","Census","Sacramento (County, 2022)"
"Census Tract","06067007501","CA","06067007501","=""06067007501""","1.77","2018-2022","2022","Census","Sacramento (County, 2022)"
"Census Tract","06067007503","CA","06067007503","=""06067007503""","0.48","2018-2022","2022","Census","Sacramento (County, 2022)"
"Census Tract","06067007504","CA","06067007504","=""06067007504""","3.14","2018-2022","2022","Census","Sacramento (County, 2022)"
"Census Tract","06067007602","CA","06067007602","=""06067007602""","1.74","2018-2022","2022","Census","Sacramento (County, 2022)"
"Census Tract","06067007603","CA","06067007603","=""06067007603""","4.00","2018-2022","2022","Census","Sacramento (County, 2022)"
"Census Tract","06067007604","CA","06067007604","=""06067007604""","2.70","2018-2022","2022","Census","Sacramento (County, 2022)"
"Census Tract","06067007701","CA","06067007701","=""06067007701""","1.05","2018-2022","2022","Census","Sacramento (County, 2022)"
"Census Tract","06067007702","CA","06067007702","=""06067007702""","8.10","2018-2022","2022","Census","Sacramento (County, 2022)"
"Census Tract","06067007801","CA","06067007801","=""06067007801""","2.86","2018-2022","2022","Census","Sacramento (County, 2022)"
"Census Tract","06067007802","CA","06067007802","=""06067007802""","4.85","2018-2022","2022","Census","Sacramento (County, 2022)"
"Census Tract","06067007903","CA","06067007903","=""06067007903""","1.42","2018-2022","2022","Census","Sacramento (County, 2022)"
"Census Tract","06067007904","CA","06067007904","=""06067007904""","4.08","2018-2022","2022","Census","Sacramento (County, 2022)"
"Census Tract","06067007905","CA","06067007905","=""06067007905""","1.44","2018-2022","2022","Census","Sacramento (County, 2022)"
"Census Tract","06067007906","CA","06067007906","=""06067007906""","3.32","2018-2022","2022","Census","Sacramento (County, 2022)"
"Census Tract","06067008005","CA","06067008005","=""06067008005""","5.47","2018-2022","2022","Census","Sacramento (County, 2022)"
"Census Tract","06067008006","CA","06067008006","=""06067008006""","6.15","2018-2022","2022","Census","Sacramento (County, 2022)"
"Census Tract","06067008007","CA","06067008007","=""06067008007""","1.81","2018-2022","2022","Census","Sacramento (County, 2022)"
"Census Tract","06067008008","CA","06067008008","=""06067008008""","1.16","2018-2022","2022","Census","Sacramento (County, 2022)"
"Census Tract","06067008009","CA","06067008009","=""06067008009""","4.36","2018-2022","2022","Census","Sacramento (County, 2022)"
"Census Tract","06067008010","CA","06067008010","=""06067008010""","3.29","2018-2022","2022","Census","Sacramento (County, 2022)"
"Census Tract","06067008111","CA","06067008111","=""06067008111""","0.00","2018-2022","2022","Census","Sacramento (County, 2022)"
"Census Tract","06067008113","CA","06067008113","=""06067008113""","0.68","2018-2022","2022","Census","Sacramento (County, 2022)"
"Census Tract","06067008117","CA","06067008117","=""06067008117""","3.38","2018-2022","2022","Census","Sacramento (County, 2022)"
"Census Tract","06067008119","CA","06067008119","=""06067008119""","1.09","2018-2022","2022","Census","Sacramento (County, 2022)"
"Census Tract","06067008120","CA","06067008120","=""06067008120""","4.32","2018-2022","2022","Census","Sacramento (County, 2022)"
"Census Tract","06067008122","CA","06067008122","=""06067008122""","1.67","2018-2022","2022","Census","Sacramento (County, 2022)"
"Census Tract","06067008124","CA","06067008124","=""06067008124""","1.81","2018-2022","2022","Census","Sacramento (County, 2022)"
"Census Tract","06067008125","CA","06067008125","=""06067008125""","3.12","2018-2022","2022","Census","Sacramento (County, 2022)"
"Census Tract","06067008127","CA","06067008127","=""06067008127""","0.61","2018-2022","2022","Census","Sacramento (County, 2022)"
"Census Tract","06067008128","CA","06067008128","=""06067008128""","0.52","2018-2022","2022","Census","Sacramento (County, 2022)"
"Census Tract","06067008129","CA","06067008129","=""06067008129""","0.56","2018-2022","2022","Census","Sacramento (County, 2022)"
"Census Tract","06067008130","CA","06067008130","=""06067008130""","0.00","2018-2022","2022","Census","Sacramento (County, 2022)"
"Census Tract","06067008131","CA","06067008131","=""06067008131""","2.01","2018-2022","2022","Census","Sacramento (County, 2022)"
"Census Tract","06067008132","CA","06067008132","=""06067008132""","0.26","2018-2022","2022","Census","Sacramento (County, 2022)"
"Census Tract","06067008133","CA","06067008133","=""06067008133""","0.71","2018-2022","2022","Census","Sacramento (County, 2022)"
"Census Tract","06067008134","CA","06067008134","=""06067008134""","0.29","2018-2022","2022","Census","Sacramento (County, 2022)"
"Census Tract","06067008135","CA","06067008135","=""06067008135""","4.12","2018-2022","2022","Census","Sacramento (County, 2022)"
"Census Tract","06067008136","CA","06067008136","=""06067008136""","0.93","2018-2022","2022","Census","Sacramento (County, 2022)"
"Census Tract","06067008137","CA","06067008137","=""06067008137""","0.39","2018-2022","2022","Census","Sacramento (County, 2022)"
"Census Tract","06067008138","CA","06067008138","=""06067008138""","1.11","2018-2022","2022","Census","Sacramento (County, 2022)"
"Census Tract","06067008139","CA","06067008139","=""06067008139""","0.00","2018-2022","2022","Census","Sacramento (County, 2022)"
"Census Tract","06067008140","CA","06067008140","=""06067008140""","0.00","2018-2022","2022","Census","Sacramento (County, 2022)"
"Census Tract","06067008141","CA","06067008141","=""06067008141""","0.00","2018-2022","2022","Census","Sacramento (County, 2022)"
"Census Tract","06067008142","CA","06067008142","=""06067008142""","1.96","2018-2022","2022","Census","Sacramento (County, 2022)"
"Census Tract","06067008143","CA","06067008143","=""06067008143""","3.84","2018-2022","2022","Census","Sacramento (County, 2022)"
"Census Tract","06067008144","CA","06067008144","=""06067008144""","1.90","2018-2022","2022","Census","Sacramento (County, 2022)"
"Census Tract","06067008145","CA","06067008145","=""06067008145""","3.03","2018-2022","2022","Census","Sacramento (County, 2022)"
"Census Tract","06067008203","CA","06067008203","=""06067008203""","4.82","2018-2022","2022","Census","Sacramento (County, 2022)"
"Census Tract","06067008204","CA","06067008204","=""06067008204""","1.17","2018-2022","2022","Census","Sacramento (County, 2022)"
"Census Tract","06067008206","CA","06067008206","=""06067008206""","0.00","2018-2022","2022","Census","Sacramento (County, 2022)"
"Census Tract","06067008207","CA","06067008207","=""06067008207""","1.86","2018-2022","2022","Census","Sacramento (County, 2022)"
"Census Tract","06067008208","CA","06067008208","=""06067008208""","1.36","2018-2022","2022","Census","Sacramento (County, 2022)"
"Census Tract","06067008209","CA","06067008209","=""06067008209""","2.64","2018-2022","2022","Census","Sacramento (County, 2022)"
"Census Tract","06067008210","CA","06067008210","=""06067008210""","3.18","2018-2022","2022","Census","Sacramento (County, 2022)"
"Census Tract","06067008211","CA","06067008211","=""06067008211""","1.87","2018-2022","2022","Census","Sacramento (County, 2022)"
"Census Tract","06067008402","CA","06067008402","=""06067008402""","0.69","2018-2022","2022","Census","Sacramento (County, 2022)"
"Census Tract","06067008403","CA","06067008403","=""06067008403""","0.79","2018-2022","2022","Census","Sacramento (County, 2022)"
"Census Tract","06067008404","CA","06067008404","=""06067008404""","2.64","2018-2022","2022","Census","Sacramento (County, 2022)"
"Census Tract","06067008501","CA","06067008501","=""06067008501""","5.61","2018-2022","2022","Census","Sacramento (County, 2022)"
"Census Tract","06067008504","CA","06067008504","=""06067008504""","2.17","2018-2022","2022","Census","Sacramento (County, 2022)"
"Census Tract","06067008505","CA","06067008505","=""06067008505""","6.25","2018-2022","2022","Census","Sacramento (County, 2022)"
"Census Tract","06067008506","CA","06067008506","=""06067008506""","4.68","2018-2022","2022","Census","Sacramento (County, 2022)"
"Census Tract","06067008507","CA","06067008507","=""06067008507""","4.28","2018-2022","2022","Census","Sacramento (County, 2022)"
"Census Tract","06067008508","CA","06067008508","=""06067008508""","4.09","2018-2022","2022","Census","Sacramento (County, 2022)"
"Census Tract","06067008509","CA","06067008509","=""06067008509""","3.46","2018-2022","2022","Census","Sacramento (County, 2022)"
"Census Tract","06067008510","CA","06067008510","=""06067008510""","5.30","2018-2022","2022","Census","Sacramento (County, 2022)"
"Census Tract","06067008512","CA","06067008512","=""06067008512""","1.75","2018-2022","2022","Census","Sacramento (County, 2022)"
"Census Tract","06067008513","CA","06067008513","=""06067008513""","6.47","2018-2022","2022","Census","Sacramento (County, 2022)"
"Census Tract","06067008601","CA","06067008601","=""06067008601""","3.59","2018-2022","2022","Census","Sacramento (County, 2022)"
"Census Tract","06067008602","CA","06067008602","=""06067008602""","1.69","2018-2022","2022","Census","Sacramento (County, 2022)"
"Census Tract","06067008702","CA","06067008702","=""06067008702""","17.58","2018-2022","2022","Census","Sacramento (County, 2022)"
"Census Tract","06067008703","CA","06067008703","=""06067008703""","6.28","2018-2022","2022","Census","Sacramento (County, 2022)"
"Census Tract","06067008704","CA","06067008704","=""06067008704""","3.64","2018-2022","2022","Census","Sacramento (County, 2022)"
"Census Tract","06067008706","CA","06067008706","=""06067008706""","1.14","2018-2022","2022","Census","Sacramento (County, 2022)"
"Census Tract","06067008707","CA","06067008707","=""06067008707""","1.76","2018-2022","2022","Census","Sacramento (County, 2022)"
"Census Tract","06067008708","CA","06067008708","=""06067008708""","1.38","2018-2022","2022","Census","Sacramento (County, 2022)"
"Census Tract","06067008802","CA","06067008802","=""06067008802""","1.29","2018-2022","2022","Census","Sacramento (County, 2022)"
"Census Tract","06067008803","CA","06067008803","=""06067008803""","0.00","2018-2022","2022","Census","Sacramento (County, 2022)"
"Census Tract","06067008905","CA","06067008905","=""06067008905""","0.52","2018-2022","2022","Census","Sacramento (County, 2022)"
"Census Tract","06067008907","CA","06067008907","=""06067008907""","0.24","2018-2022","2022","Census","Sacramento (County, 2022)"
"Census Tract","06067008908","CA","06067008908","=""06067008908""","0.00","2018-2022","2022","Census","Sacramento (County, 2022)"
"Census Tract","06067008909","CA","06067008909","=""06067008909""","2.79","2018-2022","2022","Census","Sacramento (County, 2022)"
"Census Tract","06067008910","CA","06067008910","=""06067008910""","0.65","2018-2022","2022","Census","Sacramento (County, 2022)"
"Census Tract","06067008911","CA","06067008911","=""06067008911""","0.67","2018-2022","2022","Census","Sacramento (County, 2022)"
"Census Tract","06067008912","CA","06067008912","=""06067008912""","2.04","2018-2022","2022","Census","Sacramento (County, 2022)"
"Census Tract","06067008913","CA","06067008913","=""06067008913""","0.68","2018-2022","2022","Census","Sacramento (County, 2022)"
"Census Tract","06067009004","CA","06067009004","=""06067009004""","0.49","2018-2022","2022","Census","Sacramento (County, 2022)"
"Census Tract","06067009005","CA","06067009005","=""06067009005""","0.00","2018-2022","2022","Census","Sacramento (County, 2022)"
"Census Tract","06067009006","CA","06067009006","=""06067009006""","1.13","2018-2022","2022","Census","Sacramento (County, 2022)"
"Census Tract","06067009007","CA","06067009007","=""06067009007""","1.76","2018-2022","2022","Census","Sacramento (County, 2022)"
"Census Tract","06067009008","CA","06067009008","=""06067009008""","0.19","2018-2022","2022","Census","Sacramento (County, 2022)"
"Census Tract","06067009010","CA","06067009010","=""06067009010""","0.63","2018-2022","2022","Census","Sacramento (County, 2022)"
"Census Tract","06067009011","CA","06067009011","=""06067009011""","1.38","2018-2022","2022","Census","Sacramento (County, 2022)"
"Census Tract","06067009103","CA","06067009103","=""06067009103""","7.52","2018-2022","2022","Census","Sacramento (County, 2022)"
"Census Tract","06067009105","CA","06067009105","=""06067009105""","2.76","2018-2022","2022","Census","Sacramento (County, 2022)"
"Census Tract","06067009106","CA","06067009106","=""06067009106""","2.73","2018-2022","2022","Census","Sacramento (County, 2022)"
"Census Tract","06067009107","CA","06067009107","=""06067009107""","0.75","2018-2022","2022","Census","Sacramento (County, 2022)"
"Census Tract","06067009108","CA","06067009108","=""06067009108""","0.00","2018-2022","2022","Census","Sacramento (County, 2022)"
"Census Tract","06067009109","CA","06067009109","=""06067009109""","0.30","2018-2022","2022","Census","Sacramento (County, 2022)"
"Census Tract","06067009110","CA","06067009110","=""06067009110""","1.06","2018-2022","2022","Census","Sacramento (County, 2022)"
"Census Tract","06067009111","CA","06067009111","=""06067009111""","0.23","2018-2022","2022","Census","Sacramento (County, 2022)"
"Census Tract","06067009112","CA","06067009112","=""06067009112""","1.74","2018-2022","2022","Census","Sacramento (County, 2022)"
"Census Tract","06067009201","CA","06067009201","=""06067009201""","1.11","2018-2022","2022","Census","Sacramento (County, 2022)"
"Census Tract","06067009307","CA","06067009307","=""06067009307""","2.57","2018-2022","2022","Census","Sacramento (County, 2022)"
"Census Tract","06067009308","CA","06067009308","=""06067009308""","1.37","2018-2022","2022","Census","Sacramento (County, 2022)"
"Census Tract","06067009309","CA","06067009309","=""06067009309""","1.45","2018-2022","2022","Census","Sacramento (County, 2022)"
"Census Tract","06067009310","CA","06067009310","=""06067009310""","0.00","2018-2022","2022","Census","Sacramento (County, 2022)"
"Census Tract","06067009311","CA","06067009311","=""06067009311""","0.47","2018-2022","2022","Census","Sacramento (County, 2022)"
"Census Tract","06067009312","CA","06067009312","=""06067009312""","0.00","2018-2022","2022","Census","Sacramento (County, 2022)"
"Census Tract","06067009314","CA","06067009314","=""06067009314""","0.97","2018-2022","2022","Census","Sacramento (County, 2022)"
"Census Tract","06067009316","CA","06067009316","=""06067009316""","0.00","2018-2022","2022","Census","Sacramento (County, 2022)"
"Census Tract","06067009317","CA","06067009317","=""06067009317""","1.84","2018-2022","2022","Census","Sacramento (County, 2022)"
"Census Tract","06067009318","CA","06067009318","=""06067009318""","0.15","2018-2022","2022","Census","Sacramento (County, 2022)"
"Census Tract","06067009319","CA","06067009319","=""06067009319""","1.74","2018-2022","2022","Census","Sacramento (County, 2022)"
"Census Tract","06067009320","CA","06067009320","=""06067009320""","0.72","2018-2022","2022","Census","Sacramento (County, 2022)"
"Census Tract","06067009321","CA","06067009321","=""06067009321""","1.19","2018-2022","2022","Census","Sacramento (County, 2022)"
"Census Tract","06067009323","CA","06067009323","=""06067009323""","3.63","2018-2022","2022","Census","Sacramento (County, 2022)"
"Census Tract","06067009326","CA","06067009326","=""06067009326""","6.86","2018-2022","2022","Census","Sacramento (County, 2022)"
"Census Tract","06067009328","CA","06067009328","=""06067009328""","1.46","2018-2022","2022","Census","Sacramento (County, 2022)"
"Census Tract","06067009329","CA","06067009329","=""06067009329""","0.47","2018-2022","2022","Census","Sacramento (County, 2022)"
"Census Tract","06067009330","CA","06067009330","=""06067009330""","2.26","2018-2022","2022","Census","Sacramento (County, 2022)"
"Census Tract","06067009331","CA","06067009331","=""06067009331""","2.19","2018-2022","2022","Census","Sacramento (County, 2022)"
"Census Tract","06067009332","CA","06067009332","=""06067009332""","0.87","2018-2022","2022","Census","Sacramento (County, 2022)"
"Census Tract","06067009333","CA","06067009333","=""06067009333""","5.01","2018-2022","2022","Census","Sacramento (County, 2022)"
"Census Tract","06067009334","CA","06067009334","=""06067009334""","0.43","2018-2022","2022","Census","Sacramento (County, 2022)"
"Census Tract","06067009335","CA","06067009335","=""06067009335""","0.69","2018-2022","2022","Census","Sacramento (County, 2022)"
"Census Tract","06067009336","CA","06067009336","=""06067009336""","6.35","2018-2022","2022","Census","Sacramento (County, 2022)"
"Census Tract","06067009403","CA","06067009403","=""06067009403""","0.80","2018-2022","2022","Census","Sacramento (County, 2022)"
"Census Tract","06067009404","CA","06067009404","=""06067009404""","2.55","2018-2022","2022","Census","Sacramento (County, 2022)"
"Census Tract","06067009406","CA","06067009406","=""06067009406""","3.19","2018-2022","2022","Census","Sacramento (County, 2022)"
"Census Tract","06067009408","CA","06067009408","=""06067009408""","2.11","2018-2022","2022","Census","Sacramento (County, 2022)"
"Census Tract","06067009409","CA","06067009409","=""06067009409""","1.56","2018-2022","2022","Census","Sacramento (County, 2022)"
"Census Tract","06067009410","CA","06067009410","=""06067009410""","4.21","2018-2022","2022","Census","Sacramento (County, 2022)"
"Census Tract","06067009501","CA","06067009501","=""06067009501""","0.00","2018-2022","2022","Census","Sacramento (County, 2022)"
"Census Tract","06067009502","CA","06067009502","=""06067009502""","1.07","2018-2022","2022","Census","Sacramento (County, 2022)"
"Census Tract","06067009503","CA","06067009503","=""06067009503""","0.00","2018-2022","2022","Census","Sacramento (County, 2022)"
"Census Tract","06067009504","CA","06067009504","=""06067009504""","1.61","2018-2022","2022","Census","Sacramento (County, 2022)"
"Census Tract","06067009601","CA","06067009601","=""06067009601""","0.94","2018-2022","2022","Census","Sacramento (County, 2022)"
"Census Tract","06067009608","CA","06067009608","=""06067009608""","1.41","2018-2022","2022","Census","Sacramento (County, 2022)"
"Census Tract","06067009609","CA","06067009609","=""06067009609""","0.20","2018-2022","2022","Census","Sacramento (County, 2022)"
"Census Tract","06067009610","CA","06067009610","=""06067009610""","0.32","2018-2022","2022","Census","Sacramento (County, 2022)"
"Census Tract","06067009611","CA","06067009611","=""06067009611""","1.43","2018-2022","2022","Census","Sacramento (County, 2022)"
"Census Tract","06067009612","CA","06067009612","=""06067009612""","0.77","2018-2022","2022","Census","Sacramento (County, 2022)"
"Census Tract","06067009614","CA","06067009614","=""06067009614""","1.43","2018-2022","2022","Census","Sacramento (County, 2022)"
"Census Tract","06067009616","CA","06067009616","=""06067009616""","0.95","2018-2022","2022","Census","Sacramento (County, 2022)"
"Census Tract","06067009617","CA","06067009617","=""06067009617""","4.74","2018-2022","2022","Census","Sacramento (County, 2022)"
"Census Tract","06067009618","CA","06067009618","=""06067009618""","0.97","2018-2022","2022","Census","Sacramento (County, 2022)"
"Census Tract","06067009622","CA","06067009622","=""06067009622""","2.43","2018-2022","2022","Census","Sacramento (County, 2022)"
"Census Tract","06067009632","CA","06067009632","=""06067009632""","2.12","2018-2022","2022","Census","Sacramento (County, 2022)"
"Census Tract","06067009633","CA","06067009633","=""06067009633""","0.00","2018-2022","2022","Census","Sacramento (County, 2022)"
"Census Tract","06067009634","CA","06067009634","=""06067009634""","1.25","2018-2022","2022","Census","Sacramento (County, 2022)"
"Census Tract","06067009635","CA","06067009635","=""06067009635""","3.61","2018-2022","2022","Census","Sacramento (County, 2022)"
"Census Tract","06067009637","CA","06067009637","=""06067009637""","3.70","2018-2022","2022","Census","Sacramento (County, 2022)"
"Census Tract","06067009639","CA","06067009639","=""06067009639""","1.09","2018-2022","2022","Census","Sacramento (County, 2022)"
"Census Tract","06067009640","CA","06067009640","=""06067009640""","0.00","2018-2022","2022","Census","Sacramento (County, 2022)"
"Census Tract","06067009641","CA","06067009641","=""06067009641""","0.00","2018-2022","2022","Census","Sacramento (County, 2022)"
"Census Tract","06067009642","CA","06067009642","=""06067009642""","6.56","2018-2022","2022","Census","Sacramento (County, 2022)"
"Census Tract","06067009643","CA","06067009643","=""06067009643""","4.12","2018-2022","2022","Census","Sacramento (County, 2022)"
"Census Tract","06067009644","CA","06067009644","=""06067009644""","4.78","2018-2022","2022","Census","Sacramento (County, 2022)"
"Census Tract","06067009645","CA","06067009645","=""06067009645""","5.01","2018-2022","2022","Census","Sacramento (County, 2022)"
"Census Tract","06067009646","CA","06067009646","=""06067009646""","2.61","2018-2022","2022","Census","Sacramento (County, 2022)"
"Census Tract","06067009647","CA","06067009647","=""06067009647""","2.22","2018-2022","2022","Census","Sacramento (County, 2022)"
"Census Tract","06067009648","CA","06067009648","=""06067009648""","2.65","2018-2022","2022","Census","Sacramento (County, 2022)"
"Census Tract","06067009649","CA","06067009649","=""06067009649""","6.99","2018-2022","2022","Census","Sacramento (County, 2022)"
"Census Tract","06067009650","CA","06067009650","=""06067009650""","1.85","2018-2022","2022","Census","Sacramento (County, 2022)"
"Census Tract","06067009651","CA","06067009651","=""06067009651""","7.71","2018-2022","2022","Census","Sacramento (County, 2022)"
"Census Tract","06067009652","CA","06067009652","=""06067009652""","6.09","2018-2022","2022","Census","Sacramento (County, 2022)"
"Census Tract","06067009653","CA","06067009653","=""06067009653""","1.56","2018-2022","2022","Census","Sacramento (County, 2022)"
"Census Tract","06067009800","CA","06067009800","=""06067009800""","2.07","2018-2022","2022","Census","Sacramento (County, 2022)"
"Census Tract","06067009900","CA","06067009900","=""06067009900""","1.64","2018-2022","2022","Census","Sacramento (County, 2022)"
"Census Tract","06067988300","CA","06067988300","=""06067988300""","0.17","2018-2022","2022","Census","Sacramento (County, 2022)"
